apc_nosubsp,budlength_min,budlength_max,budwidth_min,budwidth_max,frtlength_min,frtlength_max,frtwidth_min,frtwidth_max,bud_n_min,bud_n_max,max_height_m,colours_all,tree_names,range_names,subgenus
Angophora bakeri,0.4,0.7,0.4,0.7,0.7,1,0.7,1.2,3,7,15,white_cream,Angophora_bakeri,Angophora bakeri,NA
Angophora costata,0.4,1,0.5,1.1,1,2,0.9,2,3,3,30,white_cream,Angophora_costata,Angophora costata,NA
Angophora floribunda,0.3,0.5,0.3,0.5,0.7,1.2,0.7,1.1,3,7,30,white_cream,Angophora_floribunda,Angophora floribunda,NA
Angophora hispida,0.9,1.3,0.7,1.3,1.5,2.6,1.3,2,3,7,8,white_cream,Angophora_hispida,Angophora hispida,NA
Angophora inopina,0.5,0.8,0.5,0.8,0.6,1.3,0.9,1.5,3,7,8,white_cream,Angophora_inopina,Angophora inopina,NA
Angophora leiocarpa,0.4,0.6,0.4,0.5,1,1.5,0.7,1.2,3,3,25,white_cream,NA,Angophora leiocarpa,NA
Angophora melanoxylon,0.4,0.6,0.4,0.7,0.8,1.3,0.7,1.1,3,7,15,white_cream,Angophora_melanoxylon,Angophora melanoxylon,NA
Angophora robur,0.7,1,0.7,1.2,1.2,1.7,1.2,1.6,3,7,10,white_cream,Angophora_robur,Angophora robur,NA
Angophora subvelutina,0.4,0.6,0.4,0.6,0.8,1.1,0.6,1.1,3,7,20,white_cream,Angophora_subvelutina,Angophora subvelutina,NA
Angophora woodsiana,0.6,0.7,0.6,0.7,1.2,1.5,0.9,1.6,3,7,20,white_cream,Angophora_woodsiana,Angophora woodsiana,NA
Corymbia abbreviata,1.1,1.6,0.9,1.2,2,3.5,1.7,3,7,11,7,white_cream,Corymbia_abbreviata,Corymbia abbreviata,Corymbia
Corymbia abergiana,1.2,1.8,0.8,1.1,2.1,3.4,1.8,2.6,7,7,12,white_cream,Corymbia_abergiana,Corymbia abergiana,Corymbia
Corymbia aparrerinja,0.6,0.7,0.5,0.6,0.9,1.3,0.7,0.9,3,7,20,white_cream,Corymbia_aparrerinja,Corymbia aparrerinja,Blakella
Corymbia arafurica,0.5,0.8,0.4,0.6,0.9,1.2,0.6,1,3,7,15,white_cream,Corymbia_arafurica,Corymbia arafurica,Blakella
Corymbia arenaria,0.4,NA,0.3,NA,0.8,1.3,0.7,1.3,7,7,7,white_cream,Corymbia_arenaria,Corymbia arenaria,Corymbia
Corymbia arnhemensis,0.4,0.6,0.3,0.4,0.8,1.4,0.6,1,7,7,15,white_cream,NA,Corymbia arnhemensis,Corymbia
Corymbia aspera,0.3,0.5,0.3,0.4,0.5,0.8,0.4,0.7,7,7,15,white_cream,Corymbia_aspera,Corymbia aspera,Blakella
Corymbia aureola,0.8,0.9,0.7,NA,1,1.7,0.9,1.6,7,7,15,NA,Corymbia_aureola,Corymbia aureola,Blakella
Corymbia bella,0.5,0.7,0.4,0.5,0.8,1.1,0.6,1.1,3,3,20,white_cream,Corymbia_bella,Corymbia bella,Blakella
Corymbia blakei,0.4,0.5,0.3,0.4,0.6,1,0.5,0.9,7,7,10,white_cream,Corymbia_blakei,Corymbia blakei,Blakella
Corymbia bleeseri,0.8,1.5,0.5,0.8,1.5,2.5,1,1.5,7,7,20,white_cream,Corymbia_bleeseri,Corymbia bleeseri,Corymbia
Corymbia bloxsomei,0.9,NA,0.7,NA,1.2,1.8,0.9,1.3,7,11,20,white_cream,Corymbia_bloxsomei,Corymbia bloxsomei,Blakella
Corymbia brachycarpa,0.6,NA,0.5,NA,1.3,1.8,1,1.5,7,7,15,white_cream,Corymbia_brachycarpa,Corymbia brachycarpa,Corymbia
Corymbia bunites,0.7,NA,0.5,NA,0.8,1.2,0.7,1.1,7,7,25,white_cream,Corymbia_bunites,Corymbia bunites,Blakella
Corymbia cadophora,0.8,1.8,0.6,1.1,2.5,4.2,1.7,3,7,7,6,red white_cream,Corymbia_cadophora,Corymbia cadophora,Corymbia
Corymbia calophylla,0.6,1.4,0.6,1,1.9,4.4,1.8,4,7,7,40,pink white_cream,Corymbia_calophylla,Corymbia calophylla,Corymbia
Corymbia candida,0.4,0.6,0.4,0.5,0.5,1.1,0.6,1.1,3,3,10,white_cream,Corymbia_candida,Corymbia candida,Blakella
Corymbia chartacea,1,1.6,0.8,1.1,2.1,3,2.1,3,3,7,8,pink white_cream,NA,Corymbia chartacea,Corymbia
Corymbia chippendalei,0.7,0.9,0.5,0.7,1.6,2.8,1.5,2.5,7,7,10,white_cream,Corymbia_chippendalei,Corymbia chippendalei,Corymbia
Corymbia citriodora,0.6,1.1,0.5,0.7,0.8,1.5,0.7,1.2,3,3,50,white_cream,Corymbia_citriodora,Corymbia citriodora,Blakella
Corymbia clandestina,0.8,NA,0.5,NA,0.9,1.4,0.7,1,7,7,8,white_cream,NA,Corymbia clandestina,Corymbia
Corymbia clarksoniana,0.7,1.2,0.4,0.8,1.2,2.5,0.9,1.6,7,7,25,white_cream,Corymbia_clarksoniana,Corymbia clarksoniana,Corymbia
Corymbia clavigera,0.7,NA,0.4,NA,0.9,1.4,0.7,0.9,3,7,18,white_cream,NA,Corymbia clavigera,Blakella
Corymbia cliftoniana,0.6,NA,0.4,NA,1.5,2.4,1.5,2.5,7,7,8,white_cream,NA,Corymbia cliftoniana,Corymbia
Corymbia collina,1.3,1.6,1,1.1,2.6,3.7,1.8,2.5,7,7,10,white_cream,Corymbia_collina,Corymbia collina,Corymbia
Corymbia confertiflora,0.4,0.7,0.4,0.5,0.7,1.5,0.6,1.2,7,7,18,white_cream,Corymbia_confertiflora,Corymbia confertiflora,Blakella
Corymbia dallachiana,0.5,0.7,0.4,0.6,0.9,1.3,0.7,1,3,7,15,white_cream,Corymbia_dallachiana,Corymbia dallachiana,Blakella
Corymbia dendromerinx,0.5,0.7,0.4,0.6,0.7,1.2,0.6,0.8,3,7,10,white_cream,Corymbia_dendromerinx,Corymbia dendromerinx,Blakella
Corymbia deserticola,0.5,0.7,0.3,0.5,0.9,1.7,0.9,1.6,7,7,6,white_cream,Corymbia_deserticola,Corymbia deserticola,Corymbia
Corymbia dichromophloia,0.4,0.7,0.3,0.5,0.8,1.3,0.6,1.1,7,7,15,white_cream,Corymbia_dichromophloia,Corymbia dichromophloia,Corymbia
Corymbia disjuncta,0.5,0.8,0.4,0.6,0.9,1.7,0.7,1.4,7,7,15,white_cream,NA,Corymbia disjuncta,Blakella
Corymbia dunlopiana,1.2,2,0.7,1,2,3.5,2.3,3.2,1,3,7,red,Corymbia_dunlopiana,Corymbia dunlopiana,Corymbia
Corymbia ellipsoidea,0.7,0.8,0.4,0.5,1.2,1.9,0.9,1.4,7,7,15,white_cream,Corymbia_ellipsoidea,Corymbia ellipsoidea,Corymbia
Corymbia eremaea,0.6,0.8,0.4,0.5,1.1,2.2,0.9,1.8,7,7,9,white_cream,Corymbia_eremaea,Corymbia eremaea,Corymbia
Corymbia erythrophloia,0.6,1,0.5,0.7,1.1,2.1,1,1.6,7,7,8,white_cream,Corymbia_erythrophloia,Corymbia erythrophloia,Corymbia
Corymbia eximia,1,1.3,0.7,1,1,1.9,1,1.6,7,7,20,white_cream,Corymbia_eximia,Corymbia eximia,Blakella
Corymbia ferriticola,0.4,0.5,0.3,0.4,0.6,1,0.4,0.9,7,7,15,white_cream,Corymbia_ferriticola,Corymbia ferriticola,Blakella
Corymbia ferruginea,0.7,1.4,0.5,0.8,1.8,3.3,1.5,2.9,3,7,12,white_cream,Corymbia_ferruginea,Corymbia ferruginea,Corymbia
Corymbia ficifolia,1.2,1.8,0.6,0.8,2,4.2,1.8,3,7,7,10,red,Corymbia_ficifolia,Corymbia ficifolia,Corymbia
Corymbia flavescens,0.6,0.9,0.5,0.8,0.8,1.2,0.8,1.1,3,3,15,white_cream,Corymbia_flavescens,Corymbia flavescens,Blakella
Corymbia foelscheana,0.9,1.4,0.7,0.9,2.2,3,1.4,2.4,7,7,10,white_cream,Corymbia_foelscheana,Corymbia foelscheana,Corymbia
Corymbia gilbertensis,0.5,0.7,0.4,0.5,0.5,1,0.5,0.8,7,7,12,white_cream,Corymbia_gilbertensis,Corymbia gilbertensis,Blakella
Corymbia grandifolia,0.7,1.5,0.6,0.9,1,2.2,0.8,1.6,3,7,20,white_cream,Corymbia_grandifolia,Corymbia grandifolia,Blakella
Corymbia greeniana,0.6,1,0.5,0.8,1.3,2.8,1.1,2.2,7,7,10,white_cream,Corymbia_greeniana,Corymbia greeniana,Corymbia
Corymbia gummifera,0.8,1.2,0.4,0.6,1.2,2.2,0.9,1.8,7,7,35,white_cream,Corymbia_gummifera,Corymbia gummifera,Corymbia
Corymbia haematoxylon,0.6,1.1,0.4,0.7,1.5,3.6,1.2,2.7,7,7,15,white_cream,Corymbia_haematoxylon,Corymbia haematoxylon,Corymbia
Corymbia hamersleyana,0.6,0.8,0.5,0.8,1.1,1.7,0.9,1.6,7,9,8,white_cream,Corymbia_hamersleyana,Corymbia hamersleyana,Corymbia
Corymbia hendersonii,0.8,1.2,0.4,0.6,1.7,3.1,1.4,2.2,7,7,25,white_cream,Corymbia_hendersonii,Corymbia hendersonii,Corymbia
Corymbia henryi,1.2,1.3,0.6,0.8,0.9,1.5,0.9,1.6,3,3,30,white_cream,Corymbia_henryi,Corymbia henryi,Blakella
Corymbia hylandii,0.5,0.7,0.3,0.5,1,1.8,0.8,1.2,7,7,5,white_cream,Corymbia_hylandii,Corymbia hylandii,Corymbia
Corymbia intermedia,0.7,1,0.4,0.6,1,2,0.8,1.6,7,7,35,white_cream,Corymbia_intermedia,Corymbia intermedia,Corymbia
Corymbia jacobsiana,0.4,NA,0.2,NA,0.7,1.1,0.4,0.8,7,7,18,white_cream,Corymbia_jacobsiana,Corymbia jacobsiana,Corymbia
Corymbia kombolgiensis,0.4,0.6,0.3,0.5,0.8,1,0.4,0.8,7,13,12,white_cream,NA,Corymbia kombolgiensis,Blakella
Corymbia lamprophylla,0.6,0.9,0.4,0.6,1.1,1.8,1,1.4,7,7,15,white_cream,Corymbia_lamprophylla,Corymbia lamprophylla,Corymbia
Corymbia latifolia,0.5,0.6,0.3,0.6,0.8,1.4,0.8,1.2,7,7,12,white_cream,Corymbia_latifolia,Corymbia latifolia,Corymbia
Corymbia leichhardtii,0.6,0.9,0.5,0.6,0.8,1.5,0.7,1.3,7,7,15,white_cream,Corymbia_leichhardtii,Corymbia leichhardtii,Blakella
Corymbia lenziana,0.6,0.8,0.4,0.5,1.2,1.9,1,1.7,7,7,10,white_cream,Corymbia_lenziana,Corymbia lenziana,Corymbia
Corymbia leptoloma,0.6,0.8,0.5,0.6,0.8,1.1,0.8,1.1,7,7,19,white_cream,Corymbia_leptoloma,Corymbia leptoloma,Blakella
Corymbia ligans,0.7,0.9,0.4,0.5,1.1,2,0.7,1.2,7,7,20,NA,Corymbia_ligans,Corymbia ligans,Corymbia
Corymbia maculata,0.8,1,0.6,0.8,0.9,1.4,0.8,1.3,3,3,60,white_cream,Corymbia_maculata,Corymbia maculata,Blakella
Corymbia nesophila,0.5,0.7,0.3,0.5,0.8,1.5,0.6,1,7,7,35,white_cream,Corymbia_nesophila,Corymbia nesophila,Corymbia
Corymbia novoguinensis,1.1,1.2,0.6,0.7,1.7,2.4,1.1,1.5,7,7,25,white_cream,Corymbia_novaguineesis,Corymbia novoguinensis,Corymbia
Corymbia oocarpa,0.7,NA,0.5,NA,1,1.4,0.8,1.1,7,7,15,white_cream,NA,Corymbia oocarpa,Corymbia
Corymbia opaca,0.9,1.3,0.6,0.8,1.6,2.9,1.2,1.9,7,7,15,white_cream,Corymbia_opaca,Corymbia opaca,Corymbia
Corymbia pachycarpa,1.5,2.6,0.8,1,2.3,3.8,2.5,3.3,3,7,6,white_cream,Corymbia_pachycarpa,Corymbia pachycarpa,Corymbia
Corymbia papillosa,0.6,NA,0.4,0.5,1.2,1.7,1,1.6,7,7,8,white_cream,Corymbia_papillosa,Corymbia papillosa,Corymbia
Corymbia papuana,0.5,0.6,0.4,0.5,0.6,1.2,0.6,0.8,3,7,40,white_cream,Corymbia_papuana,Corymbia papuana,Blakella
Corymbia paractia,0.5,0.7,0.4,0.5,0.7,1.1,0.6,0.9,3,7,8,white_cream,NA,Corymbia paractia,Blakella
Corymbia pauciseta,0.6,0.7,0.4,0.5,0.8,1.5,0.7,1.2,7,7,6,white_cream,Corymbia_pauciseta,Corymbia pauciseta,Blakella
Corymbia peltata,0.6,0.8,0.4,0.5,0.7,1.4,0.8,1.2,7,7,20,white_cream,Corymbia_peltata,Corymbia peltata,Blakella
Corymbia petalophylla,0.7,0.8,0.4,0.5,0.8,1.4,0.8,1.2,7,7,15,white_cream,Corymbia_petalophylla,Corymbia petalophylla,Blakella
Corymbia plena,1.1,1.7,0.7,1.2,2,3.1,1.3,2,7,7,15,white_cream,Corymbia_plena,Corymbia plena,Corymbia
Corymbia pocillum,0.5,0.6,0.4,0.55,0.9,1.4,0.8,1.2,7,7,10,white_cream,NA,Corymbia pocillum,Corymbia
Corymbia polycarpa,0.9,1.4,0.5,0.8,1.5,3.5,0.8,1.6,7,9,20,white_cream,Corymbia_polycarpa,Corymbia polycarpa,Corymbia
Corymbia polysciada,0.6,0.8,0.4,0.7,0.9,1.5,0.8,1.1,7,7,15,white_cream,Corymbia_polysciada,Corymbia polysciada,Blakella
Corymbia porrecta,1,1.5,0.7,0.9,1.8,3,1.5,2.6,7,7,8,white_cream,Corymbia_porrecta,Corymbia porrecta,Corymbia
Corymbia ptychocarpa,1.3,2.4,1.1,1.8,3,5.5,2.2,4.5,7,7,20,red white_cream,Corymbia_ptychocarpa,Corymbia ptychocarpa,Corymbia
Corymbia rhodops,0.8,1.5,0.4,0.7,1.7,2.8,1.2,2,7,7,15,red white_cream,Corymbia_rhodops,Corymbia rhodops,Corymbia
Corymbia scabrida,0.7,NA,0.6,NA,0.8,1.3,0.8,1.1,7,7,18,white_cream,Corymbia_scabrida,Corymbia scabrida,Blakella
Corymbia serendipita,0.5,NA,0.4,NA,1,1.5,0.8,1,7,7,12,white_cream,NA,Corymbia serendipita,Corymbia
Corymbia setosa,0.6,1.2,1.1,2.5,1.1,2.8,1.1,2.5,3,7,5,white_cream,NA,Corymbia setosa,Corymbia
Corymbia sphaerica,1,1.2,0.9,1,2.1,3.1,2,3.1,3,3,10,NA,NA,Corymbia sphaerica,Corymbia
Corymbia stockeri,0.6,0.8,0.4,0.6,1,1.7,0.8,1.4,7,7,20,white_cream,Corymbia_stockeri,Corymbia stockeri,Corymbia
Corymbia terminalis,0.6,1.4,0.5,1,1.5,3.1,1.2,2.2,7,7,18,pink white_cream,Corymbia_terminalis,Corymbia terminalis,Corymbia
Corymbia tessellaris,0.4,0.6,0.3,0.5,0.6,1.2,0.6,1,3,7,35,white_cream,Corymbia_tessellaris,Corymbia tessellaris,Blakella
Corymbia torelliana,0.7,0.8,0.5,0.7,0.9,1.4,0.8,1.4,3,7,30,white_cream,Corymbia_torelliana,Corymbia torelliana,Blakella
Corymbia torta,0.5,0.6,0.3,0.4,0.6,0.9,0.5,0.9,3,7,15,white_cream,Corymbia_torta,Corymbia torta,Blakella
Corymbia trachyphloia,0.4,0.5,0.2,0.4,0.6,1,0.5,0.8,7,7,30,white_cream,Corymbia_trachyphloia,Corymbia trachyphloia,Corymbia
Corymbia umbonata,0.6,0.8,0.5,0.6,1.2,1.9,1.1,1.6,7,7,17,white_cream,NA,Corymbia umbonata,Corymbia
Corymbia watsoniana,1.5,2,1.2,1.7,1.5,3.2,1.2,2.4,7,7,15,white_cream,Corymbia_watsoniana,Corymbia watsoniana,Blakella
Corymbia xanthope,0.7,0.8,0.4,0.5,1.4,2,1,1.5,7,7,12,white_cream,Corymbia_xanthope,Corymbia xanthope,Corymbia
Corymbia zygophylla,1,1.3,0.7,0.8,1.8,3.5,1.7,3.3,3,7,6,white_cream,Corymbia_zygophylla,Corymbia zygophylla,Corymbia
Eucalyptus abdita,1.1,2.1,0.25,0.4,0.6,NA,0.4,0.5,13,13,3,white_cream,Eucalyptus_abdita,Eucalyptus abdita,Symphyomyrtus
Eucalyptus absita,0.4,0.6,0.3,0.4,0.4,0.5,0.4,0.6,7,7,10,white_cream,Eucalyptus_absita,Eucalyptus absita,Symphyomyrtus
Eucalyptus acaciiformis,0.3,0.4,0.2,0.3,0.3,0.4,0.3,0.6,7,7,20,white_cream,Eucalyptus_acaciiformis,Eucalyptus acaciiformis,Symphyomyrtus
Eucalyptus accedens,0.8,1.4,0.5,0.7,0.6,1.1,0.6,0.9,7,11,25,white_cream,Eucalyptus_accedens,Eucalyptus accedens,Symphyomyrtus
Eucalyptus acies,0.6,0.9,0.7,0.9,0.9,1.2,1.3,1.5,7,7,3,white_cream,Eucalyptus_acies,Eucalyptus acies,Eucalyptus
Eucalyptus acmenoides,0.5,0.7,0.3,0.5,0.5,0.8,0.4,0.9,11,15,45,white_cream,Eucalyptus_acmenoides,Eucalyptus acmenoides,Eucalyptus
Eucalyptus acroleuca,0.2,0.3,0.1,0.2,0.2,0.3,0.2,0.3,7,7,25,white_cream,Eucalyptus_acroleuca,Eucalyptus acroleuca,Symphyomyrtus
Eucalyptus adesmophloia,0.7,1.2,0.35,0.5,0.4,0.6,0.5,0.9,11,21,5,white_cream,NA,Eucalyptus adesmophloia,Symphyomyrtus
Eucalyptus aequioperta,0.5,0.7,0.25,0.35,0.4,0.5,0.4,0.6,9,15,10,white_cream,Eucalyptus_aequioperta,Eucalyptus aequioperta,Symphyomyrtus
Eucalyptus agglomerata,0.6,0.8,0.3,0.4,0.3,0.5,0.5,1,11,15,8,white_cream,Eucalyptus_agglomerata,Eucalyptus agglomerata,Eucalyptus
Eucalyptus aggregata,0.3,0.5,0.2,0.3,0.2,0.5,0.3,0.5,7,7,20,white_cream,Eucalyptus_aggregata,Eucalyptus aggregata,Symphyomyrtus
Eucalyptus alaticaulis,0.45,0.9,0.25,0.5,0.5,1.1,0.5,1,7,7,30,white_cream,Eucalyptus_alaticaulis,NA,NA
Eucalyptus alatissima,3.2,4.5,1.5,3,1.4,2,2.5,4.5,3,3,7,red,NA,Eucalyptus alatissima,Symphyomyrtus
Eucalyptus alba,0.4,0.8,0.4,0.6,0.3,0.6,0.5,0.8,7,7,20,white_cream,Eucalyptus_alba,Eucalyptus alba,Symphyomyrtus
Eucalyptus albens,0.8,1.8,0.3,0.6,0.6,1.4,0.5,1,7,7,25,white_cream,Eucalyptus_albens,Eucalyptus albens,Symphyomyrtus
Eucalyptus albida,0.6,1,0.5,NA,0.5,0.6,0.5,0.8,7,9,3,white_cream,Eucalyptus_albida,Eucalyptus albida,Symphyomyrtus
Eucalyptus albopurpurea,0.6,1,0.3,0.4,0.6,1,0.5,0.8,7,11,5,pink white_cream,Eucalyptus_albopurpurea,Eucalyptus albopurpurea,Symphyomyrtus
Eucalyptus alipes,1.3,2.1,0.5,0.7,0.7,1.5,0.6,1.1,3,3,8,white_cream,Eucalyptus_alipes,Eucalyptus alipes,Symphyomyrtus
Eucalyptus alligatrix,0.4,0.6,0.2,0.5,0.3,0.5,0.4,0.8,3,7,30,white_cream,Eucalyptus_alligatrix,Eucalyptus alligatrix,Symphyomyrtus
Eucalyptus ammophila,0.8,NA,0.5,NA,0.3,0.5,0.6,0.9,7,7,6,white_cream,NA,Eucalyptus ammophila,Symphyomyrtus
Eucalyptus amplifolia,0.8,1.2,0.3,0.5,0.2,0.5,0.4,0.6,7,15,30,white_cream,Eucalyptus_amplifolia,Eucalyptus amplifolia,Symphyomyrtus
Eucalyptus amygdalina,0.3,0.5,0.2,0.3,0.4,0.7,0.4,0.7,11,15,30,white_cream,Eucalyptus_amygdalina,Eucalyptus amygdalina,Eucalyptus
Eucalyptus ancophila,0.6,0.7,0.3,0.5,0.5,0.8,0.5,0.7,7,7,35,white_cream,Eucalyptus_ancophila,Eucalyptus ancophila,Symphyomyrtus
Eucalyptus andrewsii,0.3,0.4,0.2,0.3,0.4,0.6,0.5,0.7,11,15,45,white_cream,Eucalyptus_andrewsii,Eucalyptus andrewsii,Eucalyptus
Eucalyptus angophoroides,0.7,0.9,0.3,0.6,0.4,0.5,0.5,0.9,7,7,40,white_cream,Eucalyptus_angophoroides,Eucalyptus angophoroides,Symphyomyrtus
Eucalyptus angularis,NA,NA,NA,NA,NA,NA,NA,NA,9,11,3,NA,NA,Eucalyptus angularis,Eucalyptus
Eucalyptus angulosa,1.5,2.7,0.6,1.2,1.2,2.2,1,2.5,3,7,5,pink white_cream yellow,Eucalyptus_angulosa,Eucalyptus angulosa,Symphyomyrtus
Eucalyptus angustissima,0.5,0.7,0.3,0.5,0.3,0.5,0.5,0.8,7,7,8,white_cream,Eucalyptus_angustissima,Eucalyptus angustissima,Symphyomyrtus
Eucalyptus annettae,1.4,1.6,1.4,1.6,1.2,1.6,1.5,2,7,7,20,white_cream yellow,NA,Eucalyptus annettae,Symphyomyrtus
Eucalyptus annulata,1.2,2.6,0.5,0.7,NA,NA,0.8,1.2,7,7,7,white_cream,Eucalyptus_annulata,Eucalyptus annulata,Symphyomyrtus
Eucalyptus annuliformis,1.1,1.7,0.5,0.8,0.9,1.2,1,1.4,7,7,3,white_cream,NA,Eucalyptus annuliformis,Symphyomyrtus
Eucalyptus apiculata,0.5,0.8,0.4,NA,0.7,1,0.6,1,7,7,6,white_cream,Eucalyptus_apiculata,Eucalyptus apiculata,Symphyomyrtus
Eucalyptus apodophylla,0.3,0.7,0.3,0.55,0.3,0.5,0.4,0.6,7,7,20,white_cream,Eucalyptus_apodophylla,Eucalyptus apodophylla,Symphyomyrtus
Eucalyptus apothalassica,0.5,0.6,0.3,NA,0.4,0.6,0.4,0.6,11,15,20,white_cream,Eucalyptus_apothalassica,Eucalyptus apothalassica,Eucalyptus
Eucalyptus approximans,0.5,NA,0.3,NA,0.6,0.8,0.5,0.8,7,7,6,white_cream,Eucalyptus_approximans,Eucalyptus approximans,Eucalyptus
Eucalyptus aquilina,2.8,3.2,2.3,3.8,2,2.9,3.5,5,3,3,7,white_cream,Eucalyptus_aquilina,Eucalyptus aquilina,Eucalyptus
Eucalyptus arachnaea,1.2,2,0.2,0.4,0.4,0.8,0.4,0.5,9,15,10,white_cream,Eucalyptus_arachnae,Eucalyptus arachnaea,Symphyomyrtus
Eucalyptus arborella,NA,NA,NA,NA,NA,NA,NA,NA,11,15,5,green,Eucalyptus_arborella,Eucalyptus arborella,Symphyomyrtus
Eucalyptus arcana,0.5,0.6,0.4,NA,0.1,NA,0.5,0.8,7,7,4,white_cream,NA,Eucalyptus arcana,Symphyomyrtus
Eucalyptus archeri,0.5,0.7,0.3,0.4,0.5,0.8,0.5,0.8,3,3,12,white_cream,NA,Eucalyptus archeri,Symphyomyrtus
Eucalyptus arenacea,0.5,0.6,0.3,0.5,0.4,0.9,0.7,1.2,9,15,10,white_cream,Eucalyptus_arenacea,Eucalyptus arenacea,Eucalyptus
Eucalyptus arenicola,0.3,0.4,0.3,0.4,0.4,0.6,0.5,0.8,11,25,15,white_cream,NA,Eucalyptus arenicola,Eucalyptus
Eucalyptus argillacea,0.6,1,0.4,0.6,0.6,1,0.4,0.6,7,7,5,white_cream,Eucalyptus_argillacea,Eucalyptus argillacea,Symphyomyrtus
Eucalyptus argophloia,0.4,0.6,0.3,0.4,0.3,0.5,0.5,0.7,7,7,30,white_cream,Eucalyptus_argophloia,Eucalyptus argophloia,Symphyomyrtus
Eucalyptus argutifolia,0.7,1.1,0.4,0.6,0.6,1.1,0.7,0.8,7,9,4,white_cream,Eucalyptus_argutifolia,Eucalyptus argutifolia,Symphyomyrtus
Eucalyptus aridimontana,0.5,0.6,0.3,0.4,0.4,0.9,0.4,0.6,7,11,5,white_cream,NA,Eucalyptus aridimontana,Symphyomyrtus
Eucalyptus armillata,2,3,0.9,1.5,0.8,1.5,1,1.8,3,3,6,red white_cream,NA,Eucalyptus armillata,Symphyomyrtus
Eucalyptus aromaphloia,0.4,0.5,0.3,0.4,0.3,0.4,0.4,0.7,7,7,18,white_cream,Eucalyptus_aromaphloia,Eucalyptus aromaphloia,Symphyomyrtus
Eucalyptus articulata,0.7,0.9,0.3,0.5,0.7,0.9,0.4,0.7,7,7,3,white_cream,Eucalyptus_articulata,Eucalyptus articulata,Symphyomyrtus
Eucalyptus aspersa,0.8,1.1,0.3,0.4,0.4,0.8,0.4,0.7,7,7,6,white_cream,Eucalyptus_aspersa,Eucalyptus aspersa,Symphyomyrtus
Eucalyptus aspratilis,2,3,0.5,0.7,1,1.5,0.7,1.2,7,7,5,white_cream,Eucalyptus_aspratilis,Eucalyptus aspratilis,Symphyomyrtus
Eucalyptus assimilans,1.5,1.5,0.7,0.7,0.9,1.2,0.8,0.9,7,7,15,NA,Eucalyptus_assimilans,Eucalyptus assimilans,Symphyomyrtus
Eucalyptus astringens,1,2,0.3,0.7,0.7,1.2,0.6,1,7,7,25,pink white_cream,Eucalyptus_astringens,Eucalyptus astringens,Symphyomyrtus
Eucalyptus atrata,0.6,0.8,0.4,0.5,0.4,0.8,0.5,0.8,7,7,15,white_cream,Eucalyptus_atrata,Eucalyptus atrata,Symphyomyrtus
Eucalyptus aurifodina,0.6,NA,0.3,NA,0.3,0.5,0.5,0.9,9,15,10,white_cream,NA,Eucalyptus aurifodina,Eucalyptus
Eucalyptus badjensis,0.4,0.5,0.3,0.4,0.3,0.5,0.4,0.6,3,3,45,white_cream,Eucalyptus_badjensis,Eucalyptus badjensis,Symphyomyrtus
Eucalyptus baeuerlenii,0.7,1,0.4,0.6,0.5,1,0.8,1.2,3,3,20,white_cream,Eucalyptus_baeuerlenii,Eucalyptus baeuerlenii,Symphyomyrtus
Eucalyptus baileyana,0.5,0.8,0.3,0.5,0.9,1.5,0.8,1.7,7,7,40,white_cream,Eucalyptus_baileyana,Eucalyptus baileyana,Symphyomyrtus
Eucalyptus baiophylla,0.8,1.3,0.4,0.7,0.5,0.9,0.5,0.8,7,9,4,white_cream,NA,Eucalyptus baiophylla,Symphyomyrtus
Eucalyptus bakeri,0.8,1.1,0.2,0.4,0.3,0.4,0.4,0.5,7,15,6,white_cream,Eucalyptus_bakeri,Eucalyptus bakeri,Symphyomyrtus
Eucalyptus balladoniensis,1.6,2.5,0.9,1.1,0.7,1.1,1,1.4,7,7,5,white_cream,Eucalyptus_balladoniensis,Eucalyptus balladoniensis,Symphyomyrtus
Eucalyptus bancroftii,1,2,0.4,0.7,0.4,0.7,0.6,0.9,7,15,30,white_cream,NA,Eucalyptus bancroftii,Symphyomyrtus
Eucalyptus banksii,0.4,0.7,0.4,0.5,0.3,0.6,0.6,1.1,7,7,30,white_cream,NA,Eucalyptus banksii,Symphyomyrtus
Eucalyptus barberi,0.7,1.1,0.4,0.6,0.5,1,0.6,0.9,7,7,8,white_cream,Eucalyptus_barberi,Eucalyptus barberi,Symphyomyrtus
Eucalyptus baudiniana,0.5,0.8,0.3,0.4,0.4,0.6,0.3,0.4,7,15,10,white_cream,NA,Eucalyptus baudiniana,Symphyomyrtus
Eucalyptus baueriana,0.3,0.6,0.3,0.4,0.3,0.6,0.3,0.7,7,7,20,white_cream,Eucalyptus_baueriana,Eucalyptus baueriana,Symphyomyrtus
Eucalyptus baxteri,0.5,1,0.4,0.6,0.4,1.2,0.7,1.8,9,15,40,white_cream,Eucalyptus_baxteri,Eucalyptus baxteri,Eucalyptus
Eucalyptus beaniana,0.4,0.7,0.2,0.4,0.4,0.6,0.3,0.6,7,7,15,white_cream,Eucalyptus_beaniana,Eucalyptus beaniana,Symphyomyrtus
Eucalyptus beardiana,1.9,2.2,0.7,0.9,0.6,1,0.9,1.3,9,9,4,white_cream,Eucalyptus_beardiana,Eucalyptus beardiana,Symphyomyrtus
Eucalyptus behriana,0.3,0.7,0.2,0.4,0.3,0.6,0.3,0.5,7,7,12,white_cream,Eucalyptus_behriana,Eucalyptus behriana,Symphyomyrtus
Eucalyptus bensonii,0.5,1,0.3,0.4,0.5,0.7,0.8,1.2,7,11,8,white_cream,Eucalyptus_bensonii,Eucalyptus bensonii,Eucalyptus
Eucalyptus benthamii,0.3,0.5,0.2,0.4,0.3,0.4,0.4,0.6,7,7,40,white_cream,Eucalyptus_benthamii,Eucalyptus benthamii,Symphyomyrtus
Eucalyptus beyeriana,0.4,0.5,0.2,0.3,0.3,0.6,0.3,0.6,7,7,25,white_cream,Eucalyptus_beyeriana,Eucalyptus beyeriana,Symphyomyrtus
Eucalyptus bigalerita,0.6,1.2,0.6,1.1,0.6,0.9,0.8,1.2,7,7,17,white_cream,NA,Eucalyptus bigalerita,Symphyomyrtus
Eucalyptus blakelyi,0.8,1.4,0.3,0.6,0.2,0.5,0.4,0.8,7,15,25,white_cream,Eucalyptus_blakelyi,Eucalyptus blakelyi,Symphyomyrtus
Eucalyptus blaxellii,0.4,0.8,0.25,0.5,0.4,0.6,0.4,0.6,7,7,3,white_cream,Eucalyptus_blaxellii,Eucalyptus blaxellii,Symphyomyrtus
Eucalyptus blaxlandii,0.6,NA,0.3,0.4,0.4,0.6,0.7,1.3,9,15,35,white_cream,Eucalyptus_blaxlandii,Eucalyptus blaxlandii,Eucalyptus
Eucalyptus boliviana,0.5,0.6,1,1.5,0.5,0.6,1,1.5,7,7,12,white_cream,Eucalyptus_boliviana,Eucalyptus boliviana,Eucalyptus
Eucalyptus bosistoana,0.6,0.8,0.3,0.5,0.4,0.8,0.4,0.8,7,7,60,white_cream,Eucalyptus_bosistoana,Eucalyptus bosistoana,Symphyomyrtus
Eucalyptus botryoides,0.7,1.4,0.4,0.6,0.6,1.3,0.5,0.9,7,11,40,white_cream,Eucalyptus_botryoides,Eucalyptus botryoides,Symphyomyrtus
Eucalyptus brachyandra,0.25,0.4,0.2,0.25,0.2,0.3,0.2,0.3,3,7,8,white_cream,Eucalyptus_brachyandra,Eucalyptus brachyandra,Symphyomyrtus
Eucalyptus brachycalyx,0.5,1,0.3,0.6,0.4,0.8,0.5,0.8,7,11,8,white_cream,Eucalyptus_brachycalyx,Eucalyptus brachycalyx,Symphyomyrtus
Eucalyptus brandiana,5,6.5,3,6,5.6,6.8,4.8,6,1,1,5,pink,NA,Eucalyptus brandiana,Symphyomyrtus
Eucalyptus brassiana,1,1.5,0.4,0.7,0.4,1,0.7,1.2,7,7,20,white_cream,Eucalyptus_brassiana,Eucalyptus brassiana,Symphyomyrtus
Eucalyptus brevifolia,0.6,0.9,0.4,0.8,0.4,0.8,0.6,0.9,7,7,10,white_cream,Eucalyptus_brevifolia,Eucalyptus brevifolia,Symphyomyrtus
Eucalyptus brevipes,0.7,0.8,0.3,0.5,0.6,0.7,0.4,0.7,7,7,5,white_cream,Eucalyptus_brevipes,Eucalyptus brevipes,Symphyomyrtus
Eucalyptus brevistylis,0.3,NA,0.3,NA,0.6,1,0.6,0.9,9,13,25,white_cream,Eucalyptus_brevistylis,Eucalyptus brevistylis,Eucalyptus
Eucalyptus bridgesiana,0.5,0.8,0.3,0.5,0.3,0.7,0.4,0.8,7,7,25,white_cream,Eucalyptus_bridgesiana,Eucalyptus bridgesiana,Symphyomyrtus
Eucalyptus brockwayi,0.6,0.8,0.3,0.4,0.4,0.6,0.4,0.7,11,15,15,white_cream,Eucalyptus_brockwayi,Eucalyptus brockwayi,Symphyomyrtus
Eucalyptus brookeriana,0.6,1,0.3,0.6,0.4,0.8,0.5,0.7,7,7,40,white_cream,Eucalyptus_brookeriana,Eucalyptus brookeriana,Symphyomyrtus
Eucalyptus broviniensis,0.5,0.6,0.5,NA,0.3,0.5,0.6,1.1,7,7,10,white_cream,NA,Eucalyptus broviniensis,Symphyomyrtus
Eucalyptus brownii,0.2,0.4,0.2,0.3,0.2,0.3,0.2,0.3,11,15,18,white_cream,NA,Eucalyptus brownii,Symphyomyrtus
Eucalyptus buprestium,0.5,0.6,0.3,0.5,1.8,2.6,1.7,2.6,9,15,4,white_cream,Eucalyptus_buprestium,Eucalyptus buprestium,Eucalyptus
Eucalyptus burdettiana,2,5.8,0.4,1.3,1.9,2.7,2,2.5,7,11,4,green,Eucalyptus_burdettiana,Eucalyptus burdettiana,Symphyomyrtus
Eucalyptus burgessiana,0.7,1.1,0.3,0.6,0.9,1.2,0.7,1.3,7,11,7,white_cream,Eucalyptus_burgessiana,Eucalyptus burgessiana,Eucalyptus
Eucalyptus burracoppinensis,1.6,3,1.3,2,0.6,1.3,1.7,2.5,3,3,6,white_cream,Eucalyptus_burracoppinensis,Eucalyptus burracoppinensis,Symphyomyrtus
Eucalyptus cadens,0.45,0.7,0.25,0.4,0.3,0.4,0.4,0.6,7,7,25,white_cream,Eucalyptus_cadens,Eucalyptus cadens,Symphyomyrtus
Eucalyptus caesia,1.7,3,1,1.3,1.5,3,1.8,2.8,3,3,15,pink,Eucalyptus_caesia,Eucalyptus caesia,Symphyomyrtus
Eucalyptus calcareana,0.7,1.3,0.5,0.6,0.5,1,0.6,0.9,7,9,8,white_cream,Eucalyptus_calcareana,Eucalyptus calcareana,Symphyomyrtus
Eucalyptus calcicola,0.7,1.5,0.5,0.9,0.8,1.3,0.9,1.5,7,13,6,white_cream,Eucalyptus_calcicola,Eucalyptus calcicola,Eucalyptus
Eucalyptus caleyi,0.7,1,0.4,0.7,0.6,1.2,0.4,0.9,7,7,30,white_cream,Eucalyptus_caleyi,Eucalyptus caleyi,Symphyomyrtus
Eucalyptus caliginosa,0.5,0.6,0.2,0.4,0.4,0.6,0.6,0.8,7,11,35,white_cream,Eucalyptus_caliginosa,Eucalyptus caliginosa,Symphyomyrtus
Eucalyptus calycogona,0.6,1.5,0.3,0.7,0.7,1.5,0.4,0.9,7,7,6,pink white_cream,Eucalyptus_calycogona,Eucalyptus calycogona,Symphyomyrtus
Eucalyptus calyerup,2,3.3,0.5,0.8,0.8,1.4,0.8,1.2,7,7,10,white_cream,NA,Eucalyptus calyerup,Symphyomyrtus
Eucalyptus camaldulensis,0.4,1.8,0.3,0.7,0.2,0.7,0.3,1,7,11,50,white_cream,Eucalyptus_camaldulensis,Eucalyptus camaldulensis,Symphyomyrtus
Eucalyptus cambageana,0.4,0.5,0.2,0.4,0.3,0.6,0.5,0.6,7,7,25,white_cream,NA,Eucalyptus cambageana,Symphyomyrtus
Eucalyptus cameronii,0.4,0.5,0.3,NA,0.4,0.5,0.4,0.6,9,15,40,white_cream,NA,Eucalyptus cameronii,Eucalyptus
Eucalyptus camfieldii,0.6,1,0.3,0.4,0.4,0.5,0.7,0.9,9,15,4,white_cream,NA,Eucalyptus camfieldii,Eucalyptus
Eucalyptus campanulata,0.3,0.5,0.3,0.4,0.4,0.6,0.4,0.7,11,15,45,white_cream,NA,Eucalyptus campanulata,Eucalyptus
Eucalyptus campaspe,0.9,1.2,0.6,1,0.5,1,0.8,1.5,7,7,10,white_cream,Eucalyptus_campaspe,Eucalyptus campaspe,Symphyomyrtus
Eucalyptus camphora,0.4,0.8,0.25,0.5,0.2,0.6,0.4,0.7,7,7,25,white_cream,Eucalyptus_camphora,Eucalyptus camphora,Symphyomyrtus
Eucalyptus canaliculata,0.8,1.1,0.6,0.7,0.6,1,1,1.5,7,7,30,white_cream,Eucalyptus_canaliculata,Eucalyptus canaliculata,Symphyomyrtus
Eucalyptus canescens,0.9,1.4,0.8,0.9,0.8,1.2,0.9,1.2,7,9,3,white_cream,Eucalyptus_canescens,Eucalyptus canescens,Symphyomyrtus
Eucalyptus canobolensis,0.6,NA,0.4,NA,0.5,0.6,0.5,0.8,3,3,40,white_cream,Eucalyptus_canobolensis,Eucalyptus canobolensis,Symphyomyrtus
Eucalyptus capillosa,0.8,1.6,0.2,0.4,0.5,0.8,0.4,0.6,9,13,12,white_cream,Eucalyptus_capillosa,Eucalyptus capillosa,Symphyomyrtus
Eucalyptus capitellata,0.6,0.8,0.3,0.4,0.4,0.7,0.7,1,7,15,25,white_cream,Eucalyptus_capitellata,Eucalyptus capitellata,Eucalyptus
Eucalyptus captiosa,1.3,1.9,0.5,0.7,0.8,1.5,0.8,1.1,3,7,4,white_cream,Eucalyptus_captiosa,Eucalyptus captiosa,Symphyomyrtus
Eucalyptus carnea,0.6,0.7,0.3,0.4,0.3,0.7,0.5,0.8,7,11,30,white_cream,Eucalyptus_carnea,Eucalyptus carnea,Eucalyptus
Eucalyptus carnei,0.9,1.3,0.5,0.6,0.5,1,0.6,0.9,7,7,6,white_cream,Eucalyptus_carnei,Eucalyptus carnei,Symphyomyrtus
Eucalyptus castrensis,0.5,0.6,0.2,0.4,0.4,0.5,0.4,0.6,7,7,8,white_cream,Eucalyptus_castrensis,Eucalyptus castrensis,Symphyomyrtus
Eucalyptus celastroides,0.5,1,0.2,0.4,0.5,0.8,0.4,0.8,7,9,10,white_cream,Eucalyptus_celastroides,Eucalyptus celastroides,Symphyomyrtus
Eucalyptus cephalocarpa,0.3,0.6,0.3,0.4,0.3,0.6,0.4,0.8,7,7,22,white_cream,Eucalyptus_cephalocarpa,Eucalyptus cephalocarpa,Symphyomyrtus
Eucalyptus ceracea,1.5,1.7,0.6,NA,1.7,3.3,1.1,1.7,7,9,6,orange,Eucalyptus_ceracea,Eucalyptus ceracea,Eudesmia
Eucalyptus cerasiformis,0.9,1.1,0.5,0.6,0.8,1,0.6,1.1,7,7,3,white_cream,Eucalyptus_cerasiformis,Eucalyptus cerasiformis,Symphyomyrtus
Eucalyptus ceratocorys,1.7,3,0.6,1.1,1.2,2,0.8,1.6,7,9,10,red white_cream,Eucalyptus_ceratocorys,Eucalyptus ceratocorys,Symphyomyrtus
Eucalyptus cernua,1,1.6,0.6,1,0.9,1.4,0.8,1.3,7,7,5,green pink white_cream,Eucalyptus_cernua,Eucalyptus cernua,Symphyomyrtus
Eucalyptus chapmaniana,0.7,0.9,0.5,0.6,0.5,0.9,0.7,1,3,3,35,white_cream,NA,Eucalyptus chapmaniana,Symphyomyrtus
Eucalyptus chartaboma,1.6,2.1,0.8,1.1,3,7.5,3,6.5,7,7,18,orange,Eucalyptus_chartaboma,Eucalyptus chartaboma,Eudesmia
Eucalyptus chloroclada,0.7,1.2,0.3,0.6,0.2,0.5,0.4,0.7,7,7,20,white_cream,NA,Eucalyptus chloroclada,Symphyomyrtus
Eucalyptus chlorophylla,0.5,0.8,0.3,0.4,0.3,0.7,0.3,0.6,7,7,18,white_cream,Eucalyptus_chlorophylla,Eucalyptus chlorophylla,Symphyomyrtus
Eucalyptus cinerea,0.6,0.8,0.3,0.5,0.4,0.7,0.4,0.9,3,3,15,white_cream,Eucalyptus_cinerea,Eucalyptus cinerea,Symphyomyrtus
Eucalyptus cladocalyx,0.8,1.1,0.4,0.5,0.6,1.6,0.4,1.1,7,11,35,white_cream,Eucalyptus_cladocalyx,Eucalyptus cladocalyx,Symphyomyrtus
Eucalyptus clelandiorum,0.7,1.2,0.4,0.7,0.5,0.9,0.5,0.8,7,11,10,white_cream,Eucalyptus_clelandii,Eucalyptus clelandiorum,Symphyomyrtus
Eucalyptus clivicola,1.4,2.1,0.3,0.4,0.6,1,0.5,0.6,9,13,12,yellow,Eucalyptus_clivicola,Eucalyptus clivicola,Symphyomyrtus
Eucalyptus cloeziana,0.4,0.6,0.3,0.4,0.4,0.7,0.6,1.1,7,7,55,white_cream,Eucalyptus_cloeziana,Eucalyptus cloeziana,Idiogenes
Eucalyptus cneorifolia,0.6,1.1,0.3,0.6,0.4,0.7,0.5,0.8,7,11,10,white_cream,Eucalyptus_cneorifolia,Eucalyptus cneorifolia,Symphyomyrtus
Eucalyptus coccifera,0.5,0.8,0.4,0.7,0.6,1.2,0.8,1.3,3,9,30,white_cream,NA,Eucalyptus coccifera,Eucalyptus
Eucalyptus codonocarpa,0.5,0.6,0.3,0.4,0.5,0.8,0.6,0.9,3,3,6,white_cream,NA,Eucalyptus codonocarpa,Eucalyptus
Eucalyptus comitae-vallis,0.6,0.9,0.3,0.5,0.5,0.8,0.5,0.7,7,11,7,white_cream,Eucalyptus_comitae,Eucalyptus comitae-vallis,Symphyomyrtus
Eucalyptus concinna,0.6,1.2,0.4,1,0.5,1.2,0.6,1.1,7,11,9,white_cream,Eucalyptus_concinna,Eucalyptus concinna,Symphyomyrtus
Eucalyptus conferruminata,NA,NA,NA,NA,NA,NA,NA,NA,7,27,8,green,Eucalyptus_conferruminata,Eucalyptus conferruminata,Symphyomyrtus
Eucalyptus confluens,0.5,0.8,0.3,0.5,0.4,0.7,0.6,0.7,7,7,8,white_cream,Eucalyptus_confluens,Eucalyptus confluens,Symphyomyrtus
Eucalyptus conglobata,0.5,1.5,0.4,0.8,0.4,1,0.5,1.1,7,7,20,white_cream,Eucalyptus_conglobata,Eucalyptus conglobata,Symphyomyrtus
Eucalyptus conglomerata,0.4,0.5,0.3,NA,0.2,0.5,0.4,0.7,11,15,8,white_cream,Eucalyptus_conglomerata,Eucalyptus conglomerata,Eucalyptus
Eucalyptus conica,0.4,0.5,0.2,0.3,0.3,0.6,0.3,0.5,7,7,20,white_cream,Eucalyptus_conica,Eucalyptus conica,Symphyomyrtus
Eucalyptus consideniana,0.3,0.4,0.2,0.4,0.5,0.9,0.6,0.8,11,19,30,white_cream,Eucalyptus_consideniana,Eucalyptus consideniana,Eucalyptus
Eucalyptus conspicua,0.6,1,0.4,0.6,0.4,0.9,0.5,0.9,3,7,15,white_cream,Eucalyptus_conspicua,Eucalyptus conspicua,Symphyomyrtus
Eucalyptus conveniens,1,1.3,0.5,NA,1,2.1,0.8,1.2,3,3,2.5,white_cream,Eucalyptus_conveniens,Eucalyptus conveniens,Eudesmia
Eucalyptus coolabah,0.3,0.5,0.2,0.4,0.2,0.4,0.3,0.5,7,7,20,white_cream,Eucalyptus_coolabah,Eucalyptus coolabah,Symphyomyrtus
Eucalyptus cooperiana,0.6,1.1,0.4,0.5,0.5,1,0.7,0.9,9,13,4,white_cream,Eucalyptus_cooperiana,Eucalyptus cooperiana,Symphyomyrtus
Eucalyptus cordata,0.9,1.3,0.6,1,0.6,1.3,0.8,1.5,3,3,25,white_cream,Eucalyptus_cordata,Eucalyptus cordata,Symphyomyrtus
Eucalyptus cornuta,2.3,4.2,0.5,0.8,0.5,1.2,0.6,1.3,11,21,20,yellow,Eucalyptus_cornuta,Eucalyptus cornuta,Symphyomyrtus
Eucalyptus coronata,2.7,3,2.2,2.3,1.7,2.5,3.2,5.3,3,3,3,white_cream,Eucalyptus_coronata,Eucalyptus coronata,Eucalyptus
Eucalyptus corrugata,1,1.8,0.9,1.3,0.7,1.5,1.1,1.8,3,3,15,white_cream,Eucalyptus_corrugata,Eucalyptus corrugata,Symphyomyrtus
Eucalyptus corticosa,0.4,0.5,0.3,0.4,0.3,0.5,0.3,0.6,7,7,8,white_cream,Eucalyptus_corticosa,Eucalyptus corticosa,Symphyomyrtus
Eucalyptus corynodes,0.6,0.7,0.3,0.4,0.6,0.9,0.4,0.8,7,7,20,white_cream,NA,Eucalyptus corynodes,Symphyomyrtus
Eucalyptus cosmophylla,1.1,2.2,0.7,1.5,0.9,1.8,1,2.2,3,3,5,white_cream,Eucalyptus_cosmophylla,Eucalyptus cosmophylla,Symphyomyrtus
Eucalyptus crebra,0.3,0.7,0.2,0.4,0.2,0.7,0.25,0.6,7,11,35,white_cream,Eucalyptus_crebra,Eucalyptus crebra,Symphyomyrtus
Eucalyptus crenulata,0.5,0.7,0.3,0.4,0.3,0.5,0.4,0.6,7,11,12,white_cream,Eucalyptus_crenulata,Eucalyptus crenulata,Symphyomyrtus
Eucalyptus creta,1.5,2.2,1.4,2,0.8,1.3,1.5,2.8,3,3,10,white_cream,Eucalyptus_creta,Eucalyptus creta,Symphyomyrtus
Eucalyptus cretata,0.8,1.4,0.4,0.8,0.6,1,0.7,1.1,7,7,4,white_cream,Eucalyptus_cretata,Eucalyptus cretata,Symphyomyrtus
Eucalyptus crispata,0.9,1.2,0.3,0.4,0.5,0.8,0.4,0.6,9,13,8,white_cream,NA,Eucalyptus crispata,Symphyomyrtus
Eucalyptus croajingolensis,0.3,0.5,0.2,0.3,0.4,0.6,0.4,0.6,9,19,30,white_cream,Eucalyptus_croajingolensis,Eucalyptus croajingolensis,Eucalyptus
Eucalyptus crucis,0.7,1.5,0.5,1.1,0.4,1,1,1.5,7,7,15,white_cream yellow,Eucalyptus_crucis,Eucalyptus crucis,Symphyomyrtus
Eucalyptus cullenii,0.4,0.6,0.3,0.4,0.2,0.4,0.4,0.8,7,7,25,white_cream,NA,Eucalyptus cullenii,Symphyomyrtus
Eucalyptus cunninghamii,0.4,0.6,0.3,NA,0.5,0.8,0.5,0.7,7,9,3,white_cream,Eucalyptus_cunninghamii,Eucalyptus cunninghamii,Eucalyptus
Eucalyptus cuprea,0.5,NA,0.3,0.4,0.4,0.7,0.4,0.5,7,7,6,white_cream,Eucalyptus_cuprea,Eucalyptus cuprea,Symphyomyrtus
Eucalyptus cupularis,0.75,1.4,0.4,0.9,0.5,1.2,0.7,1.2,7,7,8,white_cream,Eucalyptus_cupularis,Eucalyptus cupularis,Symphyomyrtus
Eucalyptus curtisii,0.5,0.8,0.4,0.7,0.5,1.1,0.6,1.1,7,7,7,white_cream,Eucalyptus_curtisii,Eucalyptus curtisii,Acerosae
Eucalyptus cyanophylla,0.7,1.3,0.5,0.8,0.6,1,0.7,1,7,7,6,white_cream,Eucalyptus_cyanophylla,Eucalyptus cyanophylla,Symphyomyrtus
Eucalyptus cyclostoma,0.8,1.4,0.5,0.7,0.8,1,0.7,1,7,11,3,white_cream,Eucalyptus_cyclostoma,Eucalyptus cyclostoma,Symphyomyrtus
Eucalyptus cylindriflora,1,1.3,0.4,0.7,0.6,1,0.6,0.9,7,7,4,white_cream,Eucalyptus_cylindriflora,Eucalyptus cylindriflora,Symphyomyrtus
Eucalyptus cylindrocarpa,0.7,1.3,0.3,0.4,0.6,1.2,0.4,0.6,7,11,6,white_cream,Eucalyptus_cylindrocarpa,Eucalyptus cylindrocarpa,Symphyomyrtus
Eucalyptus cypellocarpa,0.8,1.1,0.3,0.6,0.5,1,0.5,1,7,7,65,white_cream,Eucalyptus_cypellocarpa,Eucalyptus cypellocarpa,Symphyomyrtus
Eucalyptus dalrympleana,0.5,1,0.2,0.6,0.3,0.8,0.5,0.9,3,7,60,white_cream,Eucalyptus_dalrympleana,Eucalyptus dalrympleana,Symphyomyrtus
Eucalyptus dawsonii,0.3,0.5,0.2,0.3,0.3,0.5,0.3,0.4,7,7,30,white_cream,Eucalyptus_dawsonii,Eucalyptus dawsonii,Symphyomyrtus
Eucalyptus dealbata,0.6,1.3,0.35,0.5,0.2,0.6,0.5,0.7,7,11,20,white_cream,Eucalyptus_dealbata,Eucalyptus dealbata,Symphyomyrtus
Eucalyptus deanei,0.4,0.8,0.3,0.5,0.4,0.7,0.4,0.7,7,11,65,white_cream,Eucalyptus_deanei,Eucalyptus deanei,Symphyomyrtus
Eucalyptus decipiens,0.9,1,0.35,0.5,0.3,0.6,0.5,0.9,11,21,5,white_cream,Eucalyptus_decipiens,Eucalyptus decipiens,Symphyomyrtus
Eucalyptus decolor,0.4,NA,0.2,0.3,0.4,0.5,0.4,0.6,7,7,25,white_cream,Eucalyptus_decolor,Eucalyptus decolor,Symphyomyrtus
Eucalyptus decorticans,0.6,0.7,0.3,0.4,0.7,0.9,0.5,0.6,7,7,40,white_cream,Eucalyptus_decorticans,Eucalyptus decorticans,Symphyomyrtus
Eucalyptus decurva,0.5,1,0.4,0.5,0.7,1.1,0.7,1,7,7,3,white_cream,Eucalyptus_decurva,Eucalyptus decurva,Symphyomyrtus
Eucalyptus deflexa,0.8,1.2,0.4,0.5,0.9,1.2,0.7,0.9,7,7,3,white_cream,Eucalyptus_deflexa,Eucalyptus deflexa,Symphyomyrtus
Eucalyptus delegatensis,0.4,0.6,0.3,0.5,0.6,1.3,0.6,1.1,7,15,90,white_cream,Eucalyptus_delegatensis,Eucalyptus delegatensis,Eucalyptus
Eucalyptus delicata,0.5,0.8,0.3,NA,0.4,0.5,0.4,0.5,7,11,15,white_cream,Eucalyptus_delicata,Eucalyptus delicata,Symphyomyrtus
Eucalyptus dendromorpha,0.5,0.6,0.2,0.3,0.7,1,0.7,1.1,7,11,30,white_cream,NA,Eucalyptus dendromorpha,Eucalyptus
Eucalyptus densa,1.5,3.5,0.3,0.5,0.7,1.4,0.5,0.7,7,11,10,white_cream yellow,Eucalyptus_densa,Eucalyptus densa,Symphyomyrtus
Eucalyptus denticulata,0.5,NA,0.3,NA,0.5,0.7,0.4,0.6,7,7,70,white_cream,Eucalyptus_denticulata,Eucalyptus denticulata,Symphyomyrtus
Eucalyptus depauperata,1.6,2.4,0.5,0.6,0.8,1,0.6,0.9,7,7,4,pink white_cream,Eucalyptus_depauperata,Eucalyptus depauperata,Symphyomyrtus
Eucalyptus desmondensis,0.7,1.2,0.4,0.6,0.5,1,0.6,0.9,9,19,6,white_cream,Eucalyptus_desmondensis,Eucalyptus desmondensis,Symphyomyrtus
Eucalyptus deuaensis,0.8,NA,0.6,0.7,0.5,0.6,1,1.5,7,7,5,white_cream,Eucalyptus_deuaensis,Eucalyptus deuaensis,Eucalyptus
Eucalyptus dielsii,1.1,1.9,0.6,0.9,0.8,1.1,1,1.4,7,7,8,green,Eucalyptus_dielsii,Eucalyptus dielsii,Symphyomyrtus
Eucalyptus diminuta,1.8,2.7,0.4,0.8,0.7,1.2,0.7,1.2,7,7,6,white_cream,Eucalyptus_diminuta,Eucalyptus diminuta,Symphyomyrtus
Eucalyptus diptera,0.8,1.5,0.6,1.1,0.5,0.9,0.9,1.5,3,3,10,white_cream,Eucalyptus_diptera,Eucalyptus diptera,Symphyomyrtus
Eucalyptus discreta,0.4,0.7,0.3,0.4,0.5,0.6,0.5,0.6,7,9,5,white_cream,Eucalyptus_discreta,Eucalyptus discreta,Symphyomyrtus
Eucalyptus dissimulata,0.7,1.2,0.4,0.5,0.5,0.7,0.5,0.8,7,11,3,white_cream,Eucalyptus_dissimulata,Eucalyptus dissimulata,Symphyomyrtus
Eucalyptus distans,0.3,0.4,0.3,NA,0.3,0.5,0.3,0.5,7,7,7,white_cream,Eucalyptus_distans,Eucalyptus distans,Symphyomyrtus
Eucalyptus distuberosa,0.6,1,0.5,0.7,0.5,0.8,0.6,0.8,7,7,14,white_cream,Eucalyptus_distuberosa,Eucalyptus distuberosa,Symphyomyrtus
Eucalyptus diversicolor,1.1,1.6,0.5,0.7,1,1.2,0.8,1,7,7,80,white_cream,Eucalyptus_diversicolor,Eucalyptus diversicolor,Symphyomyrtus
Eucalyptus diversifolia,0.5,1.2,0.4,0.7,0.5,1.1,0.6,1.1,7,11,6,white_cream,Eucalyptus_diversifolia,Eucalyptus diversifolia,Eucalyptus
Eucalyptus dives,0.3,0.6,0.2,0.4,0.3,0.7,0.4,0.8,11,11,25,white_cream,Eucalyptus_dives,Eucalyptus dives,Eucalyptus
Eucalyptus dolichocera,1.2,1.9,0.35,0.5,0.5,0.9,0.5,0.8,9,13,6,white_cream,Eucalyptus_dolichocera,Eucalyptus dolichocera,Symphyomyrtus
Eucalyptus dolichorhyncha,3.2,5.5,1,1.8,2.9,4,1.3,3,1,1,6,red yellow,Eucalyptus_dolichorhyncha,Eucalyptus dolichorhyncha,Symphyomyrtus
Eucalyptus dolorosa,0.7,0.8,0.5,0.6,1,1.2,1.1,1.4,7,7,1.5,white_cream,Eucalyptus_dolorosa,Eucalyptus dolorosa,Eucalyptus
Eucalyptus doratoxylon,0.8,1.1,0.3,0.4,0.5,0.9,0.5,0.8,7,7,5,white_cream,Eucalyptus_dorotoxylon,Eucalyptus doratoxylon,Symphyomyrtus
Eucalyptus dorrigoensis,0.4,0.5,0.2,0.3,0.3,0.4,0.4,0.5,7,7,30,white_cream,NA,Eucalyptus dorrigoensis,Symphyomyrtus
Eucalyptus drummondii,0.8,1.8,0.4,1,0.5,0.9,1,1.2,7,7,4,white_cream,Eucalyptus_drummondii,Eucalyptus drummondii,Symphyomyrtus
Eucalyptus dumosa,0.6,1.1,0.3,0.5,0.4,0.9,0.5,0.7,7,7,8,white_cream,Eucalyptus_dumosa,Eucalyptus dumosa,Symphyomyrtus
Eucalyptus dundasii,0.7,1.1,0.3,0.4,0.6,0.9,0.4,0.6,7,7,15,white_cream,Eucalyptus_dundasii,Eucalyptus dundasii,Symphyomyrtus
Eucalyptus dunnii,0.6,0.7,0.3,0.5,0.4,0.6,0.5,0.9,7,7,50,white_cream,Eucalyptus_dunnii,Eucalyptus dunnii,Symphyomyrtus
Eucalyptus dura,0.7,0.9,0.4,0.5,0.6,1,0.5,0.7,7,7,25,white_cream,Eucalyptus_dura,Eucalyptus dura,Symphyomyrtus
Eucalyptus dwyeri,0.6,1.3,0.3,0.6,0.3,0.9,0.5,0.7,7,7,15,white_cream,Eucalyptus_dwyeri,Eucalyptus dwyeri,Symphyomyrtus
Eucalyptus ebbanoensis,0.4,0.8,0.5,0.7,0.6,1.1,0.7,1.2,3,3,6,white_cream,Eucalyptus_ebbanoensis,Eucalyptus ebbanoensis,Eudesmia
Eucalyptus ecostata,1.3,2,0.4,0.6,0.5,0.9,0.6,1,11,15,5,white_cream,NA,Eucalyptus ecostata,Symphyomyrtus
Eucalyptus educta,1.3,1.5,0.3,0.6,0.5,0.6,0.8,1.1,7,7,4,white_cream,Eucalyptus_educta,Eucalyptus educta,Symphyomyrtus
Eucalyptus effusa,0.6,0.8,0.3,0.5,0.4,0.6,0.4,0.7,7,7,4,white_cream,Eucalyptus_effusa,Eucalyptus effusa,Symphyomyrtus
Eucalyptus elaeophloia,0.5,0.7,0.3,0.5,0.4,0.5,0.6,0.8,3,3,12,white_cream,Eucalyptus_elaeophloia,Eucalyptus elaeophloia,Symphyomyrtus
Eucalyptus elata,0.2,0.4,0.15,0.3,0.3,0.5,0.3,0.6,11,30,40,white_cream,Eucalyptus_elata,Eucalyptus elata,Eucalyptus
Eucalyptus elliptica,0.5,0.8,0.3,0.4,0.4,0.6,0.5,0.8,7,7,20,white_cream,Eucalyptus_elliptica,Eucalyptus elliptica,Symphyomyrtus
Eucalyptus erectifolia,0.7,1.1,0.4,0.6,1.1,1.4,1.4,1.8,7,13,2.5,white_cream,Eucalyptus_erectifolia,Eucalyptus erectifolia,Eucalyptus
Eucalyptus eremicola,0.6,0.9,0.2,0.4,0.3,0.6,0.4,0.6,9,15,8,white_cream,Eucalyptus_eremicola,Eucalyptus eremicola,Symphyomyrtus
Eucalyptus eremophila,2.2,3,0.5,0.7,0.8,1.4,0.7,1.2,7,11,5,pink white_cream,Eucalyptus_eremophila,Eucalyptus eremophila,Symphyomyrtus
Eucalyptus erosa,0.6,0.8,0.3,0.4,0.4,0.6,0.6,0.8,9,9,30,white_cream,NA,Eucalyptus erosa,Eucalyptus
Eucalyptus erythrocorys,2,2.5,2,2.6,2.8,4,3,5.5,3,3,8,yellow,Eucalyptus_erythrocorys,Eucalyptus erythrocorys,Eudesmia
Eucalyptus erythronema,0.9,2.3,0.7,1,0.6,1.4,1,1.4,3,3,6,red white_cream,Eucalyptus_erythronema,Eucalyptus erythronema,Symphyomyrtus
Eucalyptus eudesmioides,0.5,0.7,0.3,0.5,0.7,1.4,0.5,1.1,3,3,8,white_cream,Eucalyptus_eudesmioides,Eucalyptus eudesmioides,Eudesmia
Eucalyptus eugenioides,0.6,0.8,0.3,0.4,0.4,0.6,0.6,1,9,15,30,white_cream,Eucalyptus_eugenioides,Eucalyptus eugenioides,Eucalyptus
Eucalyptus ewartiana,0.6,0.9,0.5,0.7,0.2,0.6,0.7,1.3,7,7,7,white_cream,Eucalyptus_ewartiana,Eucalyptus ewartiana,Symphyomyrtus
Eucalyptus exigua,0.6,0.7,0.4,0.5,0.5,0.7,0.5,0.8,7,11,3,white_cream,Eucalyptus_exigua,Eucalyptus exigua,Symphyomyrtus
Eucalyptus exilipes,0.5,0.6,0.2,0.3,0.4,0.6,0.4,0.6,7,7,35,white_cream,Eucalyptus_exilipes,Eucalyptus exilipes,Symphyomyrtus
Eucalyptus exilis,0.6,0.8,0.4,0.5,0.8,1.5,0.9,1.3,11,11,4,white_cream,Eucalyptus_exilis,Eucalyptus exilis,Eucalyptus
Eucalyptus expressa,0.5,0.7,0.2,0.3,0.35,0.5,0.5,0.8,7,24,40,white_cream,NA,Eucalyptus expressa,Eucalyptus
Eucalyptus exserta,0.7,1.1,0.4,0.7,0.2,0.7,0.4,0.8,7,7,25,white_cream,NA,Eucalyptus exserta,Symphyomyrtus
Eucalyptus extensa,2.4,3.2,0.5,0.7,0.6,0.8,0.8,1.2,7,7,12,white_cream,Eucalyptus_extensa,Eucalyptus extensa,Symphyomyrtus
Eucalyptus extrica,0.6,0.8,0.5,0.6,1.3,2.1,1,2.2,3,3,4,white_cream,Eucalyptus_extrica,Eucalyptus extrica,Eudesmia
Eucalyptus falcata,1,2,0.5,0.7,0.4,0.9,0.7,1,7,19,5,white_cream,Eucalyptus_falcata,Eucalyptus falcata,Symphyomyrtus
Eucalyptus falciformis,0.3,0.5,0.3,0.4,0.5,0.8,0.5,0.8,11,11,20,white_cream,NA,Eucalyptus falciformis,Eucalyptus
Eucalyptus famelica,0.9,1.7,0.4,0.7,0.8,1.2,0.7,1,7,7,4,white_cream,Eucalyptus_famelica,Eucalyptus famelica,Symphyomyrtus
Eucalyptus farinosa,0.7,0.8,0.4,0.5,0.7,0.9,0.6,0.9,7,7,9,white_cream,Eucalyptus_farinosa,Eucalyptus farinosa,Symphyomyrtus
Eucalyptus fasciculosa,0.4,0.7,0.3,0.4,0.5,0.9,0.4,0.8,7,7,15,white_cream,Eucalyptus_fasciculosa,Eucalyptus fasciculosa,Symphyomyrtus
Eucalyptus fastigata,0.3,0.6,0.2,0.3,0.5,0.9,0.4,0.8,11,15,60,white_cream,Eucalyptus_fastigata,Eucalyptus fastigata,Eucalyptus
Eucalyptus fibrosa,0.7,2,0.3,0.5,0.4,1,0.4,1,7,11,35,white_cream,Eucalyptus_fibrosa,Eucalyptus fibrosa,Symphyomyrtus
Eucalyptus flavida,2.3,2.9,0.3,0.5,1,1.1,0.5,0.6,9,11,10,yellow,NA,Eucalyptus flavida,Symphyomyrtus
Eucalyptus flindersii,0.7,1.3,0.4,0.6,0.3,0.7,0.4,1,3,7,5,white_cream,Eucalyptus_flindersii,Eucalyptus flindersii,Symphyomyrtus
Eucalyptus flocktoniae,1.1,2.1,0.4,0.6,0.7,1,0.5,0.9,7,9,15,white_cream,Eucalyptus_flocktoniae,Eucalyptus flocktoniae,Symphyomyrtus
Eucalyptus foecunda,0.2,0.5,0.3,0.4,0.4,0.6,0.4,0.6,9,11,3,white_cream,Eucalyptus_foecunda,Eucalyptus foecunda,Symphyomyrtus
Eucalyptus foliosa,0.5,NA,0.35,0.4,0.4,0.5,0.6,0.7,7,9,3,white_cream,Eucalyptus_foliosa,Eucalyptus foliosa,Symphyomyrtus
Eucalyptus formanii,0.4,0.7,0.25,0.3,0.3,0.4,0.4,0.5,7,9,10,white_cream,Eucalyptus_formanii,Eucalyptus formanii,Symphyomyrtus
Eucalyptus forrestiana,3.5,4.3,1.1,2,3.5,5,1.7,3.3,1,1,4,yellow,Eucalyptus_forrestiana,Eucalyptus forrestiana,Symphyomyrtus
Eucalyptus fraseri,1,1.6,0.6,0.7,0.7,1.1,0.7,1.2,7,9,15,white_cream,Eucalyptus_fraseri,Eucalyptus fraseri,Symphyomyrtus
Eucalyptus fraxinoides,0.5,0.6,0.3,0.4,0.6,1,0.6,1.1,7,11,40,white_cream,Eucalyptus_fraxinoides,Eucalyptus fraxinoides,Eucalyptus
Eucalyptus frenchiana,1,1.5,0.8,1.2,0.9,1.2,1,1.3,3,3,12,white_cream,Eucalyptus_frenchiana,Eucalyptus frenchiana,Symphyomyrtus
Eucalyptus froggattii,0.7,1,0.5,0.7,0.6,0.9,0.5,0.8,7,11,9,white_cream,Eucalyptus_froggattii,Eucalyptus froggattii,Symphyomyrtus
Eucalyptus fruticosa,0.7,1,0.3,0.4,0.4,0.8,0.5,0.6,9,11,5,white_cream,Eucalyptus_fruticosa,Eucalyptus fruticosa,Symphyomyrtus
Eucalyptus fulgens,0.4,0.6,0.3,0.4,0.3,0.4,0.4,0.6,7,7,20,white_cream,Eucalyptus_fulgens,Eucalyptus fulgens,Symphyomyrtus
Eucalyptus fusiformis,0.5,0.9,0.3,0.5,0.5,1,0.4,0.5,7,7,30,white_cream,Eucalyptus_fusiformis,Eucalyptus fusiformis,Symphyomyrtus
Eucalyptus gamophylla,0.4,0.7,0.3,0.4,0.5,1.4,0.5,0.8,3,3,8,white_cream,Eucalyptus_gamophylla,Eucalyptus gamophylla,Eudesmia
Eucalyptus gardneri,1.5,2.6,0.2,0.5,0.7,1.1,0.5,0.6,9,11,15,white_cream,Eucalyptus_gardneri,Eucalyptus gardneri,Symphyomyrtus
Eucalyptus georgei,0.9,1.4,0.5,0.8,0.8,1.3,0.8,1.1,7,11,15,white_cream,Eucalyptus_georgei,Eucalyptus georgei,Symphyomyrtus
Eucalyptus gigantangion,2.2,2.8,1,1.4,3.5,5.8,2.2,5,7,7,30,orange,Eucalyptus_gigantangion,Eucalyptus gigantangion,Eudesmia
Eucalyptus gillenii,0.7,1.6,0.4,0.7,0.3,0.9,0.6,1.2,7,11,7,white_cream,Eucalyptus_gillenii,Eucalyptus gillenii,Symphyomyrtus
Eucalyptus gillii,0.8,1.4,0.3,0.5,0.4,0.9,0.5,0.8,7,11,8,white_cream,Eucalyptus_gillii,Eucalyptus gillii,Symphyomyrtus
Eucalyptus gittinsii,0.5,0.9,0.4,0.6,1,2,0.7,1.2,3,3,5,white_cream,Eucalyptus_gittinsii,Eucalyptus gittinsii,Eudesmia
Eucalyptus glaucescens,0.6,0.9,0.3,0.5,0.7,1.2,0.8,1.2,3,3,50,white_cream,Eucalyptus_glaucescens,Eucalyptus glaucescens,Symphyomyrtus
Eucalyptus glaucina,0.9,1.4,0.4,0.7,0.3,0.6,0.6,1,7,7,30,white_cream,Eucalyptus_glaucina,Eucalyptus glaucina,Symphyomyrtus
Eucalyptus globoidea,0.4,0.6,0.2,0.4,0.4,0.7,0.5,0.8,11,15,8,white_cream,Eucalyptus_globoidea,Eucalyptus globoidea,Eucalyptus
Eucalyptus globulus,0.8,2.5,0.5,2,0.5,1.5,0.6,2.7,1,7,90,white_cream,Eucalyptus_globulus,Eucalyptus globulus,Symphyomyrtus
Eucalyptus glomericassis,0.7,0.9,0.5,0.6,0.4,0.6,0.6,0.9,7,7,10,white_cream,NA,Eucalyptus glomericassis,Symphyomyrtus
Eucalyptus glomerosa,0.5,0.7,0.5,0.6,0.3,0.7,0.7,1.4,7,7,5,white_cream,Eucalyptus_glomerosa,Eucalyptus glomerosa,Symphyomyrtus
Eucalyptus gomphocephala,1.5,2.4,0.9,1.2,1,1.9,1.2,1.8,7,7,40,white_cream,Eucalyptus_gomphocephala,Eucalyptus gomphocephala,Symphyomyrtus
Eucalyptus gongylocarpa,0.5,0.6,0.3,0.5,0.6,1.1,0.6,1.2,7,7,20,white_cream,Eucalyptus_gongylocarpa,Eucalyptus gongylocarpa,Eudesmia
Eucalyptus goniantha,1,1.4,0.6,NA,0.6,1,0.8,1.2,7,11,7,white_cream,Eucalyptus_goniantha,Eucalyptus goniantha,Symphyomyrtus
Eucalyptus goniocalyx,0.6,1.3,0.3,0.7,0.5,1.2,0.6,1.1,7,7,20,white_cream,Eucalyptus_goniocalyx,Eucalyptus goniocalyx,Symphyomyrtus
Eucalyptus goniocarpa,2,2.5,0.6,0.8,1.2,1.4,0.9,1.2,3,3,7,white_cream,Eucalyptus_goniocarpa,Eucalyptus goniocarpa,Symphyomyrtus
Eucalyptus gracilis,0.3,0.7,0.3,0.5,0.4,0.8,0.3,0.7,7,11,8,white_cream,Eucalyptus_gracilis,Eucalyptus gracilis,Symphyomyrtus
Eucalyptus grandis,0.6,0.9,0.4,0.5,0.4,1,0.5,0.8,7,11,75,white_cream,Eucalyptus_grandis,Eucalyptus grandis,Symphyomyrtus
Eucalyptus granitica,0.4,0.6,0.3,NA,0.4,0.6,0.3,0.6,7,7,20,white_cream,Eucalyptus_granitica,Eucalyptus granitica,Symphyomyrtus
Eucalyptus gregoryensis,0.6,0.8,0.3,0.4,0.4,0.5,0.5,0.6,3,3,8,white_cream,Eucalyptus_gregoriensis,Eucalyptus gregoryensis,Symphyomyrtus
Eucalyptus gregsoniana,0.4,0.5,0.3,0.4,0.6,0.8,0.6,0.9,7,11,5,white_cream,Eucalyptus_gregsoniana,Eucalyptus gregsoniana,Eucalyptus
Eucalyptus griffithsii,0.8,1.5,0.7,1.5,0.8,1.6,1,1.5,3,3,10,white_cream,Eucalyptus_griffithsii,Eucalyptus griffithsii,Symphyomyrtus
Eucalyptus grisea,0.7,1,0.4,0.5,0.4,0.9,0.8,1.2,7,7,28,white_cream,Eucalyptus_grisea,Eucalyptus grisea,Symphyomyrtus
Eucalyptus grossa,1.8,3.2,0.7,1.3,1.4,2,1,1.5,7,7,3,yellow,Eucalyptus_grossa,Eucalyptus grossa,Symphyomyrtus
Eucalyptus guilfoylei,0.7,0.8,0.4,0.6,0.7,1,0.8,1,7,7,40,white_cream,Eucalyptus_guilfoylei,Eucalyptus guilfoylei,Cruciformes
Eucalyptus gunnii,0.5,0.9,0.3,0.5,0.5,0.9,0.5,0.7,3,3,37,white_cream,Eucalyptus_gunnii,Eucalyptus gunnii,Symphyomyrtus
Eucalyptus gypsophila,0.8,1.4,0.5,0.9,0.7,1.2,0.7,1.1,9,19,6,white_cream,Eucalyptus_gypsophila,Eucalyptus gypsophila,Symphyomyrtus
Eucalyptus haemastoma,0.4,0.6,0.3,0.4,0.5,0.9,0.7,1.1,9,15,18,white_cream,Eucalyptus_haemastoma,Eucalyptus haemastoma,Eucalyptus
Eucalyptus hallii,0.6,0.9,0.4,0.5,0.4,0.6,0.6,0.8,7,7,20,white_cream,Eucalyptus_hallii,Eucalyptus hallii,Symphyomyrtus
Eucalyptus halophila,0.4,0.5,0.3,0.5,0.5,0.9,0.5,0.8,7,7,4,white_cream,Eucalyptus_halophila,Eucalyptus halophila,Symphyomyrtus
Eucalyptus hebetifolia,1,1.6,0.25,0.4,0.6,0.8,0.4,0.6,11,15,8,white_cream,Eucalyptus_hebetifolia,Eucalyptus hebetifolia,Symphyomyrtus
Eucalyptus helidonica,0.4,0.5,0.2,NA,0.4,0.6,0.4,0.7,11,15,20,white_cream,NA,Eucalyptus helidonica,Eucalyptus
Eucalyptus herbertiana,0.4,0.8,0.25,0.4,0.25,0.5,0.4,0.6,7,7,8,white_cream,Eucalyptus_herbertiana,Eucalyptus herbertiana,Symphyomyrtus
Eucalyptus histophylla,2,3,0.35,0.4,0.8,1.1,0.5,0.7,11,11,6,yellow,Eucalyptus_histophylla,Eucalyptus histophylla,Symphyomyrtus
Eucalyptus horistes,0.5,1,0.2,0.4,0.3,0.7,0.4,0.6,7,13,8,white_cream,Eucalyptus_horistes,Eucalyptus horistes,Symphyomyrtus
Eucalyptus houseana,0.4,0.6,0.3,0.5,0.2,0.5,0.3,0.5,7,7,25,white_cream,Eucalyptus_houseana,Eucalyptus houseana,Symphyomyrtus
Eucalyptus howittiana,0.5,0.6,0.15,0.2,0.2,0.3,0.2,0.3,7,11,25,white_cream,Eucalyptus_howittiana,Eucalyptus howittiana,Symphyomyrtus
Eucalyptus hypolaena,1.3,2.5,0.6,0.8,0.7,1,0.8,1.2,7,7,15,yellow,Eucalyptus_hypolaena,Eucalyptus hypolaena,Symphyomyrtus
Eucalyptus hypostomatica,0.3,0.4,0.2,0.3,0.3,0.6,0.3,0.5,7,7,40,white_cream,NA,Eucalyptus hypostomatica,Symphyomyrtus
Eucalyptus ignorabilis,0.4,0.5,0.2,0.3,0.3,0.5,0.4,0.7,7,7,20,white_cream,Eucalyptus_ignorabilis,Eucalyptus ignorabilis,Symphyomyrtus
Eucalyptus imitans,0.6,0.7,0.3,0.4,0.4,0.6,0.7,1.2,9,15,10,white_cream,NA,Eucalyptus imitans,Eucalyptus
Eucalyptus imlayensis,0.5,0.6,0.3,0.4,0.4,0.5,0.6,0.7,3,3,7,white_cream,Eucalyptus_imlayensis,Eucalyptus imlayensis,Symphyomyrtus
Eucalyptus incerata,2.2,3.5,0.6,0.9,1,1.5,0.9,1.8,7,7,5,yellow,Eucalyptus_incerata,Eucalyptus incerata,Symphyomyrtus
Eucalyptus incrassata,1.1,2.3,0.5,1.1,0.9,2,0.7,1.5,7,7,8,pink white_cream,Eucalyptus_incrassata,Eucalyptus incrassata,Symphyomyrtus
Eucalyptus indurata,1,1.8,0.5,0.7,0.5,1,0.8,1.1,7,7,8,white_cream,Eucalyptus_indurata,Eucalyptus indurata,Symphyomyrtus
Eucalyptus infera,1,1.3,0.3,0.4,0.3,NA,0.4,0.8,9,18,8,white_cream,Eucalyptus_infera,Eucalyptus infera,Symphyomyrtus
Eucalyptus insularis,0.4,0.6,0.2,0.3,0.5,0.8,0.4,0.7,9,20,8,white_cream,Eucalyptus_insularis,Eucalyptus insularis,Eucalyptus
Eucalyptus interstans,1.1,1.4,0.3,0.5,0.3,0.6,0.6,0.8,7,11,30,white_cream,Eucalyptus_interstans,Eucalyptus interstans,Symphyomyrtus
Eucalyptus intertexta,0.4,0.8,0.2,0.4,0.3,0.9,0.4,0.8,7,7,30,white_cream,Eucalyptus_intertexta,Eucalyptus intertexta,Symphyomyrtus
Eucalyptus jacksonii,0.7,0.8,0.4,0.5,0.8,1.1,0.7,1,7,7,65,white_cream,Eucalyptus_jacksonii,Eucalyptus jacksonii,Eucalyptus
Eucalyptus jensenii,0.3,0.4,0.2,0.3,0.3,0.5,0.3,0.5,7,7,12,white_cream,NA,Eucalyptus jensenii,Symphyomyrtus
Eucalyptus jimberlanica,0.7,1,0.6,0.8,0.7,0.9,0.6,0.8,7,7,10,NA,Eucalyptus_jimberlanica,Eucalyptus jimberlanica,Symphyomyrtus
Eucalyptus johnsoniana,0.5,0.6,0.3,0.4,0.8,1.3,0.9,1.6,7,7,3,white_cream,Eucalyptus_johnsoniana,Eucalyptus johnsoniana,Eucalyptus
Eucalyptus johnstonii,0.8,1.1,0.6,0.9,0.7,1,0.9,1.3,3,3,50,white_cream,NA,Eucalyptus johnstonii,Symphyomyrtus
Eucalyptus jucunda,1.1,1.3,0.5,0.6,0.8,1.7,0.8,1.5,7,9,7,white_cream,Eucalyptus_jucunda,Eucalyptus jucunda,Eudesmia
Eucalyptus jutsonii,0.6,1,0.3,0.4,0.3,0.5,0.5,0.7,7,7,6,white_cream,Eucalyptus_jutsonii,Eucalyptus jutsonii,Symphyomyrtus
Eucalyptus kabiana,0.9,1.2,0.3,0.5,0.3,NA,0.5,0.7,7,11,10,white_cream,NA,Eucalyptus kabiana,Symphyomyrtus
Eucalyptus kartzoffiana,0.5,0.6,0.4,0.5,0.4,0.6,0.4,0.9,3,3,30,white_cream,Eucalyptus_kartzoffiana,Eucalyptus kartzoffiana,Symphyomyrtus
Eucalyptus kenneallyi,0.6,0.7,0.25,0.3,0.4,0.5,0.3,0.35,7,7,8,white_cream,NA,NA,NA
Eucalyptus kessellii,1.1,2.2,0.8,1.3,0.7,1.7,0.9,2.1,3,7,10,white_cream,Eucalyptus_kessellii,Eucalyptus kessellii,Symphyomyrtus
Eucalyptus kingsmillii,2.2,4,1.5,2.5,0.8,2,1.5,4,3,3,7,pink white_cream,Eucalyptus_kingsmillii,Eucalyptus kingsmillii,Symphyomyrtus
Eucalyptus kitsoniana,0.6,0.9,0.5,0.6,0.4,0.9,0.7,1.1,7,7,8,white_cream,Eucalyptus_kitsoniana,Eucalyptus kitsoniana,Symphyomyrtus
Eucalyptus kochii,0.1,1,0.3,0.7,0.4,0.9,0.4,0.7,9,15,12,white_cream,Eucalyptus_kochii,Eucalyptus kochii,Symphyomyrtus
Eucalyptus kondininensis,0.7,1.1,0.4,0.5,0.4,0.6,0.4,0.7,7,7,8,white_cream,Eucalyptus_kondininensis,Eucalyptus kondininensis,Symphyomyrtus
Eucalyptus koolpinensis,0.7,0.9,0.4,0.5,0.5,0.8,0.5,0.7,7,7,12,white_cream,Eucalyptus_koolpinensis,Eucalyptus koolpinensis,Symphyomyrtus
Eucalyptus kruseana,0.7,1,0.3,0.5,0.5,0.9,0.5,0.7,7,7,3,green,Eucalyptus_kruseana,Eucalyptus kruseana,Symphyomyrtus
Eucalyptus kumarlensis,0.6,0.8,0.3,0.4,0.3,0.5,0.4,0.5,7,9,10,white_cream,Eucalyptus_kumarlensis,Eucalyptus kumarlensis,Symphyomyrtus
Eucalyptus kybeanensis,0.4,0.5,0.4,NA,0.4,0.6,0.5,0.9,7,11,6,white_cream,Eucalyptus_kybeanensis,Eucalyptus kybeanensis,Eucalyptus
Eucalyptus lacrimans,0.6,0.8,0.4,0.5,0.7,1.1,0.8,1.1,9,15,15,white_cream,Eucalyptus_lacrimans,Eucalyptus lacrimans,Eucalyptus
Eucalyptus laeliae,0.6,0.7,0.3,0.5,0.5,0.7,0.4,0.6,7,11,15,white_cream,Eucalyptus_laeliae,Eucalyptus laeliae,Symphyomyrtus
Eucalyptus laevis,0.6,0.9,0.3,0.4,0.5,0.8,0.4,0.6,11,11,10,white_cream,NA,Eucalyptus laevis,Symphyomyrtus
Eucalyptus laevopinea,0.5,0.7,0.4,NA,0.4,0.9,0.7,1.5,7,11,40,white_cream,Eucalyptus_laevopinea,Eucalyptus laevopinea,Eucalyptus
Eucalyptus lane-poolei,0.6,1.1,0.5,1,0.7,1.4,1.1,1.6,7,7,10,white_cream,Eucalyptus_lanepoolei,Eucalyptus lane-poolei,Symphyomyrtus
Eucalyptus langleyi,0.7,0.9,0.4,0.5,0.7,1,0.8,1.2,7,7,6,white_cream,Eucalyptus_langleyi,Eucalyptus langleyi,Eucalyptus
Eucalyptus lansdowneana,0.7,0.9,0.4,0.7,0.9,1.2,0.7,1.1,7,7,6,red,Eucalyptus_lansdowneana,Eucalyptus lansdowneana,Symphyomyrtus
Eucalyptus largeana,0.5,NA,0.3,NA,0.3,0.4,0.2,0.4,7,7,40,white_cream,Eucalyptus_largeana,Eucalyptus largeana,Symphyomyrtus
Eucalyptus largiflorens,0.2,0.5,0.2,0.3,0.3,0.5,0.2,0.5,7,11,7,white_cream,Eucalyptus_largiflorens,Eucalyptus largiflorens,Symphyomyrtus
Eucalyptus latens,0.5,0.7,0.2,0.3,0.4,0.5,0.3,0.4,9,11,5,white_cream,Eucalyptus_latens,Eucalyptus latens,Symphyomyrtus
Eucalyptus latisinensis,0.4,0.6,0.3,0.4,0.3,0.7,0.5,0.9,7,15,18,white_cream,Eucalyptus_latisinensis,Eucalyptus latisinensis,Eucalyptus
Eucalyptus lehmannii,NA,NA,NA,NA,NA,NA,NA,NA,7,21,5,green,Eucalyptus_lehmanii,Eucalyptus lehmannii,Symphyomyrtus
Eucalyptus leprophloia,0.7,0.9,0.5,NA,0.5,0.6,0.6,0.7,7,11,5,white_cream,NA,Eucalyptus leprophloia,Symphyomyrtus
Eucalyptus leptocalyx,0.8,1.3,0.4,0.6,0.7,1.2,0.6,0.8,7,15,5,white_cream,Eucalyptus_leptocalyx,Eucalyptus leptocalyx,Symphyomyrtus
Eucalyptus leptophleba,0.7,1.1,0.4,0.6,0.6,1,0.7,1.1,7,7,20,white_cream,Eucalyptus_leptophleba,Eucalyptus leptophleba,Symphyomyrtus
Eucalyptus leptophylla,0.4,0.7,0.25,0.35,0.3,0.6,0.3,0.6,7,13,6,white_cream,Eucalyptus_leptophylla,Eucalyptus leptophylla,Symphyomyrtus
Eucalyptus leptopoda,0.7,1.3,0.4,0.7,0.3,0.6,0.5,1.3,7,11,7,white_cream,Eucalyptus_leptopoda,Eucalyptus leptopoda,Symphyomyrtus
Eucalyptus lesouefii,1.1,2.2,0.6,1.2,0.6,1,0.8,1.4,7,9,15,white_cream,Eucalyptus_lesouefii,Eucalyptus lesouefii,Symphyomyrtus
Eucalyptus leucophloia,0.3,0.7,0.3,0.5,0.2,0.5,0.4,0.6,7,7,10,white_cream,Eucalyptus_leucophloia,Eucalyptus leucophloia,Symphyomyrtus
Eucalyptus leucophylla,0.6,0.7,0.3,0.4,0.4,0.7,0.5,0.6,7,7,6,white_cream,NA,Eucalyptus leucophylla,Symphyomyrtus
Eucalyptus leucoxylon,0.5,1.8,0.4,0.9,0.5,1.5,0.6,1.6,3,3,30,pink white_cream,Eucalyptus_leucoxylon,Eucalyptus leucoxylon,Symphyomyrtus
Eucalyptus ligulata,1,1.4,0.4,0.5,0.7,1.3,0.8,1.4,9,13,4,white_cream,Eucalyptus_ligulata,Eucalyptus ligulata,Eucalyptus
Eucalyptus ligustrina,0.3,0.5,0.2,0.3,0.3,0.6,0.5,1,9,11,7,white_cream,Eucalyptus_ligustrina,Eucalyptus ligustrina,Eucalyptus
Eucalyptus limitaris,0.7,0.8,0.4,NA,0.5,1.1,0.5,0.9,3,7,8,NA,Eucalyptus_limitaris,Eucalyptus limitaris,Symphyomyrtus
Eucalyptus lirata,0.7,1.1,0.4,0.5,0.7,1.1,0.5,1,3,3,12,white_cream,Eucalyptus_lirata,Eucalyptus lirata,Eudesmia
Eucalyptus litoralis,1,1.4,0.4,0.6,0.7,1.1,0.7,1.1,7,7,18,white_cream,NA,Eucalyptus litoralis,Symphyomyrtus
Eucalyptus litorea,1.1,NA,0.4,0.5,0.8,1,0.6,0.8,7,7,6,white_cream,Eucalyptus_litorea,Eucalyptus litorea,Symphyomyrtus
Eucalyptus livida,0.9,1.5,0.3,0.4,0.5,0.7,0.4,0.5,11,15,5,white_cream,Eucalyptus_livida,Eucalyptus livida,Symphyomyrtus
Eucalyptus lockyeri,0.8,1.3,0.4,0.7,0.3,0.7,0.6,1,7,7,12,white_cream,Eucalyptus_lockyeri,Eucalyptus lockyeri,Symphyomyrtus
Eucalyptus longicornis,0.9,1.5,0.3,0.6,0.4,0.6,0.4,0.7,7,7,25,white_cream,Eucalyptus_longicornis,Eucalyptus longicornis,Symphyomyrtus
Eucalyptus longifolia,1.6,2.7,0.75,1.3,0.8,1.5,0.9,1.6,3,3,35,white_cream,Eucalyptus_longifolia,Eucalyptus longifolia,Symphyomyrtus
Eucalyptus longirostrata,0.7,1.5,0.4,0.8,0.3,0.8,0.6,1,7,7,30,white_cream,Eucalyptus_longirostrata,Eucalyptus longirostrata,Symphyomyrtus
Eucalyptus longissima,0.7,1.2,0.2,0.6,0.4,0.6,0.4,0.6,7,15,8,white_cream,NA,Eucalyptus longissima,Symphyomyrtus
Eucalyptus loxophleba,0.5,1,0.3,0.6,0.4,1,0.4,0.9,7,11,15,white_cream,Eucalyptus_loxophleba,Eucalyptus loxophleba,Symphyomyrtus
Eucalyptus lucasii,0.3,0.6,0.2,0.4,0.5,0.8,0.4,0.6,7,11,10,white_cream,Eucalyptus_lucasii,Eucalyptus lucasii,Symphyomyrtus
Eucalyptus lucens,0.4,0.5,0.3,0.4,0.4,0.7,0.4,0.6,7,7,5,white_cream,Eucalyptus_lucens,Eucalyptus lucens,Symphyomyrtus
Eucalyptus luculenta,1.4,1.9,0.6,0.9,0.7,1,0.7,0.8,7,7,5,white_cream,Eucalyptus_luculenta,Eucalyptus luculenta,Symphyomyrtus
Eucalyptus luehmanniana,0.6,1,0.4,0.7,0.8,1.3,0.9,1.2,11,15,7,white_cream,Eucalyptus_luehmanniana,Eucalyptus luehmanniana,Eucalyptus
Eucalyptus luteola,1.8,1.9,0.3,0.4,0.6,0.8,0.5,0.7,9,13,3,white_cream,NA,NA,NA
Eucalyptus macarthurii,0.25,0.5,0.2,0.35,0.2,0.5,0.4,0.6,7,7,40,white_cream,Eucalyptus_macarthurii,Eucalyptus macarthurii,Symphyomyrtus
Eucalyptus mackintii,0.7,0.8,0.3,0.5,0.5,0.7,0.9,1.3,7,11,30,white_cream,Eucalyptus_mackintii,Eucalyptus mackintii,Eucalyptus
Eucalyptus macrandra,1.5,3.6,0.2,0.7,0.6,1,0.7,1,13,31,4,yellow,Eucalyptus_macrandra,Eucalyptus macrandra,Symphyomyrtus
Eucalyptus macrocarpa,4,5.5,2.5,4,1.2,2.6,3.3,6.5,1,1,3,red,Eucalyptus_macrocarpa,Eucalyptus macrocarpa,Symphyomyrtus
Eucalyptus macrorhyncha,0.5,1.2,0.4,0.7,0.3,0.8,0.6,1.6,7,11,35,white_cream,Eucalyptus_macrorhyncha,Eucalyptus macrorhyncha,Eucalyptus
Eucalyptus magnificata,0.5,NA,0.3,0.5,0.5,0.9,0.5,0.9,7,7,8,white_cream,Eucalyptus_magnificata,Eucalyptus magnificata,Symphyomyrtus
Eucalyptus major,0.6,0.9,0.4,0.5,0.3,0.5,0.45,0.8,7,7,20,white_cream,Eucalyptus_major,Eucalyptus major,Symphyomyrtus
Eucalyptus malacoxylon,0.6,NA,0.5,NA,0.4,0.7,0.7,1,7,7,20,white_cream,Eucalyptus_malacoxylon,Eucalyptus malacoxylon,Symphyomyrtus
Eucalyptus mannensis,0.5,0.8,0.3,0.5,0.3,0.8,0.5,0.9,7,11,10,white_cream,Eucalyptus_mannensis,Eucalyptus mannensis,Symphyomyrtus
Eucalyptus mannifera,0.4,0.6,0.2,0.4,0.3,0.6,0.4,0.7,7,7,25,white_cream,Eucalyptus_mannifera,Eucalyptus mannifera,Symphyomyrtus
Eucalyptus marginata,0.9,1.7,0.3,0.5,0.8,1.6,1,1.6,7,15,25,white_cream,Eucalyptus_marginata,Eucalyptus marginata,Eucalyptus
Eucalyptus mckieana,0.5,0.6,0.3,NA,0.4,0.6,0.5,0.7,11,11,30,white_cream,Eucalyptus_mckieana,Eucalyptus mckieana,Eucalyptus
Eucalyptus mcquoidii,NA,NA,NA,NA,NA,NA,NA,NA,21,50,3,yellow,Eucalyptus_mcquoidii,Eucalyptus mcquoidii,Symphyomyrtus
Eucalyptus mediocris,0.7,0.8,0.3,0.4,0.5,0.8,0.5,1,9,11,20,white_cream,NA,Eucalyptus mediocris,Eucalyptus
Eucalyptus megacarpa,1.5,2.2,1.2,1.7,1.2,1.9,1.8,3,3,3,20,white_cream,Eucalyptus_megacarpa,Eucalyptus megacarpa,Eucalyptus
Eucalyptus megacornuta,3,6,0.5,1.6,1.8,2.7,2.3,3.5,3,7,15,green,Eucalyptus_megacornuta,Eucalyptus megacornuta,Symphyomyrtus
Eucalyptus megasepala,1,1.3,0.5,0.8,1.3,2.3,0.9,1.6,3,3,20,white_cream,NA,Eucalyptus megasepala,Eudesmia
Eucalyptus melanoleuca,0.5,0.9,0.3,0.6,0.4,0.7,0.4,0.6,7,7,30,white_cream,Eucalyptus_melanoleuca,Eucalyptus melanoleuca,Symphyomyrtus
Eucalyptus melanophitra,1.3,1.5,0.3,NA,0.6,0.7,0.4,0.5,9,11,7,white_cream,Eucalyptus_melanophitra,Eucalyptus melanophitra,Symphyomyrtus
Eucalyptus melanophloia,0.5,0.7,0.3,0.4,0.3,0.7,0.3,0.8,7,7,20,white_cream,Eucalyptus_melanophloia,Eucalyptus melanophloia,Symphyomyrtus
Eucalyptus melanoxylon,0.5,0.8,0.3,0.5,0.4,0.6,0.5,0.6,11,15,15,white_cream,Eucalyptus_melanoxylon,Eucalyptus melanoxylon,Symphyomyrtus
Eucalyptus melliodora,0.4,0.8,0.3,0.5,0.3,0.8,0.3,0.7,7,7,30,white_cream,Eucalyptus_melliodora,Eucalyptus melliodora,Symphyomyrtus
Eucalyptus merrickiae,0.7,1.2,0.5,0.6,0.6,1,0.6,0.8,3,3,4,white_cream,Eucalyptus_merrickiae,Eucalyptus merrickiae,Symphyomyrtus
Eucalyptus michaeliana,0.5,0.6,0.3,0.4,0.3,0.5,0.4,0.6,3,7,30,white_cream,Eucalyptus_michaeliana,Eucalyptus michaeliana,Symphyomyrtus
Eucalyptus micranthera,0.7,1,0.4,0.7,0.6,1,0.7,1,7,9,4,white_cream,Eucalyptus_micranthera,Eucalyptus micranthera,Symphyomyrtus
Eucalyptus microcarpa,0.5,0.9,0.2,0.4,0.3,0.9,0.3,0.5,7,7,25,white_cream,Eucalyptus_microcarpa,Eucalyptus microcarpa,Symphyomyrtus
Eucalyptus microcorys,0.3,0.5,0.25,0.3,0.5,0.9,0.5,0.6,7,9,60,white_cream,Eucalyptus_microcorys,Eucalyptus microcorys,Alveolata
Eucalyptus microneura,0.6,0.8,0.4,NA,0.4,0.7,0.4,0.7,7,7,15,white_cream,Eucalyptus_microneura,Eucalyptus microneura,Symphyomyrtus
Eucalyptus microschema,0.7,1,0.2,0.35,0.4,0.7,0.4,0.5,9,11,3,white_cream,Eucalyptus_microschema,Eucalyptus microschema,Symphyomyrtus
Eucalyptus microtheca,0.3,0.4,0.2,0.3,0.2,0.5,0.3,0.7,7,7,15,white_cream,Eucalyptus_microtheca,Eucalyptus microtheca,Symphyomyrtus
Eucalyptus mimica,1.2,1.9,0.4,0.6,0.7,1.7,0.6,1.2,3,3,5,white_cream,Eucalyptus_mimica,Eucalyptus mimica,Symphyomyrtus
Eucalyptus miniata,1,2.3,0.9,1.2,3.3,6,2,4,7,7,30,orange,Eucalyptus_miniata,Eucalyptus miniata,Eudesmia
Eucalyptus minniritchi,0.6,1,0.5,0.8,0.7,1,0.8,1.6,7,7,3,white_cream yellow,Eucalyptus_minniritchi,Eucalyptus minniritchi,Symphyomyrtus
Eucalyptus misella,0.6,NA,0.45,0.5,0.4,0.5,0.6,0.8,7,11,4,white_cream,Eucalyptus_misella,Eucalyptus misella,Symphyomyrtus
Eucalyptus mitchelliana,0.7,1,0.3,0.4,0.5,0.7,0.5,0.7,7,11,15,white_cream,Eucalyptus_mitchelliana,Eucalyptus mitchelliana,Eucalyptus
Eucalyptus moderata,1.4,2,0.5,0.6,0.6,1,0.5,0.8,7,7,10,white_cream,Eucalyptus_moderata,Eucalyptus moderata,Symphyomyrtus
Eucalyptus moluccana,0.4,0.8,0.2,0.4,0.4,0.7,0.3,0.6,7,7,30,white_cream,Eucalyptus_moluccana,Eucalyptus moluccana,Symphyomyrtus
Eucalyptus mooreana,1,1.2,0.5,0.7,0.6,0.8,0.6,0.8,7,7,6,white_cream,Eucalyptus_mooreana,Eucalyptus mooreana,Symphyomyrtus
Eucalyptus moorei,0.5,0.7,0.2,0.3,0.3,0.5,0.3,0.6,7,15,7,white_cream,Eucalyptus_moorei,Eucalyptus moorei,Eucalyptus
Eucalyptus morrisbyi,0.7,0.8,0.5,0.6,0.6,0.9,0.7,0.8,3,3,16,white_cream,Eucalyptus_morrisbyi,Eucalyptus morrisbyi,Symphyomyrtus
Eucalyptus morrisii,0.8,0.9,0.5,NA,0.3,0.6,0.7,1.2,3,3,4,white_cream,Eucalyptus_morrisii,Eucalyptus morrisii,Symphyomyrtus
Eucalyptus muelleriana,0.5,0.7,0.3,0.4,0.6,1,0.7,1.2,7,11,40,white_cream,Eucalyptus_muelleriana,Eucalyptus muelleriana,Eucalyptus
Eucalyptus multicaulis,0.3,0.4,0.3,NA,0.7,0.9,0.6,0.8,7,15,8,white_cream,Eucalyptus_multicaulis,Eucalyptus multicaulis,Eucalyptus
Eucalyptus myriadena,0.3,0.7,0.15,0.3,0.3,0.6,0.3,0.4,9,13,10,white_cream,Eucalyptus_myriadena,Eucalyptus myriadena,Symphyomyrtus
Eucalyptus nandewarica,0.6,0.9,0.3,0.35,0.3,0.4,0.5,0.6,3,7,10,white_cream,Eucalyptus_nanderwairca,Eucalyptus nandewarica,Symphyomyrtus
Eucalyptus nebulosa,0.3,0.5,0.2,0.3,0.3,0.5,0.3,0.6,7,7,7,white_cream,NA,Eucalyptus nebulosa,Eucalyptus
Eucalyptus neglecta,0.3,0.6,0.3,0.5,0.3,0.4,0.4,0.7,7,15,7,white_cream,Eucalyptus_neglecta,Eucalyptus neglecta,Symphyomyrtus
Eucalyptus neutra,1.1,1.7,0.3,0.6,0.5,1,0.5,0.8,7,7,6,white_cream,Eucalyptus_neutra,Eucalyptus neutra,Symphyomyrtus
Eucalyptus newbeyi,5.2,6,1.1,1.6,1,2.7,1.8,2.8,7,7,8,green,Eucalyptus_newbeyi,Eucalyptus newbeyi,Symphyomyrtus
Eucalyptus nicholii,0.3,0.5,0.2,0.3,0.3,0.4,0.3,0.5,7,7,18,white_cream,Eucalyptus_nicholii,Eucalyptus nicholii,Symphyomyrtus
Eucalyptus nigrifunda,0.9,1.2,0.2,0.3,0.4,0.9,0.3,0.5,9,9,10,white_cream,NA,NA,NA
Eucalyptus nitens,0.6,0.7,0.3,0.4,0.4,0.7,0.4,0.7,7,7,70,white_cream,Eucalyptus_nitens,Eucalyptus nitens,Symphyomyrtus
Eucalyptus nitida,0.3,0.5,0.3,0.4,0.4,0.8,0.5,0.9,9,15,40,white_cream,Eucalyptus_nitida,Eucalyptus nitida,Eucalyptus
Eucalyptus nobilis,0.4,0.7,0.3,0.5,0.3,0.6,0.4,0.9,7,7,70,white_cream,Eucalyptus_nobilis,Eucalyptus nobilis,Symphyomyrtus
Eucalyptus normantonensis,0.3,0.4,0.2,0.3,0.3,0.5,0.3,0.4,7,11,8,white_cream,Eucalyptus_normantonensis,Eucalyptus normantonensis,Symphyomyrtus
Eucalyptus nortonii,0.7,1.3,0.3,0.6,0.5,0.9,0.5,0.7,7,7,15,white_cream,Eucalyptus_nortonii,Eucalyptus nortonii,Symphyomyrtus
Eucalyptus notabilis,0.8,1.2,0.5,0.7,0.4,0.9,0.6,1,7,11,30,white_cream,NA,Eucalyptus notabilis,Symphyomyrtus
Eucalyptus notactites,1,1.3,0.5,0.6,0.5,0.8,0.7,1.2,11,19,3,white_cream,NA,Eucalyptus notactites,Symphyomyrtus
Eucalyptus nova-anglica,0.4,0.5,0.2,0.4,0.3,0.4,0.3,0.6,7,7,25,white_cream,Eucalyptus_nova,Eucalyptus nova-anglica,Symphyomyrtus
Eucalyptus nudicaulis,0.7,1.1,0.6,0.9,0.6,0.9,0.6,0.9,7,7,6,white_cream,Eucalyptus_nudicaulis,Eucalyptus nudicaulis,Symphyomyrtus
Eucalyptus nutans,1.8,NA,0.8,1,1.2,1.6,1.4,1.9,7,7,3,red,Eucalyptus_nutans,Eucalyptus nutans,Symphyomyrtus
Eucalyptus obconica,0.4,0.5,0.3,0.4,0.2,0.4,0.3,0.5,7,7,8,white_cream,Eucalyptus_obconica,Eucalyptus obconica,Symphyomyrtus
Eucalyptus obesa,0.6,0.8,0.4,0.5,0.4,0.7,0.6,1.1,11,13,4,white_cream,Eucalyptus_obesa,Eucalyptus obesa,Symphyomyrtus
Eucalyptus obliqua,0.4,0.9,0.3,0.5,0.6,1.2,0.5,1.1,11,15,90,white_cream,Eucalyptus_obliqua,Eucalyptus obliqua,Eucalyptus
Eucalyptus obtusiflora,0.7,1.2,0.5,0.8,0.7,1.2,0.7,1,7,9,6,white_cream,Eucalyptus_obtusiflora,Eucalyptus obtusiflora,Symphyomyrtus
Eucalyptus occidentalis,1.6,3.3,0.5,1,0.9,1.5,0.8,1.3,7,13,20,white_cream,Eucalyptus_occidentalis,Eucalyptus occidentalis,Symphyomyrtus
Eucalyptus ochrophloia,1,1.7,0.4,0.5,0.8,1.7,0.5,0.8,7,7,20,white_cream,Eucalyptus_ochrophloia,Eucalyptus ochrophloia,Symphyomyrtus
Eucalyptus odontocarpa,0.45,0.6,0.4,0.6,0.7,1.4,0.5,0.7,3,3,4,white_cream,Eucalyptus_odontocarpa,Eucalyptus odontocarpa,Eudesmia
Eucalyptus odorata,0.4,0.8,0.2,0.4,0.4,0.8,0.4,0.7,7,11,7,white_cream,NA,Eucalyptus odorata,Symphyomyrtus
Eucalyptus oldfieldii,1.2,2.2,0.9,1.5,0.5,1.2,1,2,3,3,5,white_cream,Eucalyptus_oldfieldii,Eucalyptus oldfieldii,Symphyomyrtus
Eucalyptus oleosa,0.6,1.4,0.3,0.6,0.4,0.8,0.4,0.8,7,11,8,white_cream,Eucalyptus_oleosa,Eucalyptus oleosa,Symphyomyrtus
Eucalyptus olida,0.4,NA,0.2,0.3,0.6,0.7,0.5,0.9,7,15,30,white_cream,Eucalyptus_olida,Eucalyptus olida,Eucalyptus
Eucalyptus oligantha,0.6,1,0.4,0.6,0.6,1.1,0.6,0.9,3,7,15,white_cream,Eucalyptus_oligantha,Eucalyptus oligantha,Symphyomyrtus
Eucalyptus olivina,0.5,0.8,0.25,0.35,0.3,0.5,0.3,0.6,7,9,5,white_cream,Eucalyptus_olivina,Eucalyptus olivina,Symphyomyrtus
Eucalyptus olsenii,1,1.7,0.6,0.7,1.2,2.2,1.2,1.8,7,7,20,white_cream,Eucalyptus_olsenii,Eucalyptus olsenii,Eucalyptus
Eucalyptus ophitica,0.8,1,0.4,0.6,0.4,0.6,0.5,0.7,7,7,15,white_cream,Eucalyptus_ophitica,Eucalyptus ophitica,Symphyomyrtus
Eucalyptus opimiflora,1,1.5,0.4,0.7,0.5,0.8,0.7,1,7,15,7,white_cream,NA,Eucalyptus opimiflora,Symphyomyrtus
Eucalyptus optima,1.6,2.4,0.6,0.8,0.7,1.1,0.8,1.2,7,9,20,white_cream,Eucalyptus_optima,Eucalyptus optima,Symphyomyrtus
Eucalyptus oraria,0.45,0.7,0.2,0.4,0.5,0.8,0.4,0.5,9,19,7,white_cream,Eucalyptus_oraria,Eucalyptus oraria,Symphyomyrtus
Eucalyptus orbifolia,0.8,1.3,0.6,1.2,0.3,1,0.8,1.5,3,7,5,yellow,Eucalyptus_orbifolia,Eucalyptus orbifolia,Symphyomyrtus
Eucalyptus ordiana,0.7,1,0.4,0.6,0.4,0.8,0.5,0.7,7,7,6,white_cream,NA,Eucalyptus ordiana,Symphyomyrtus
Eucalyptus oreades,0.5,NA,0.3,0.4,0.5,1,0.6,1,7,7,40,white_cream,Eucalyptus_oreades,Eucalyptus oreades,Eucalyptus
Eucalyptus orgadophila,0.7,0.9,0.4,0.6,0.7,1.1,0.6,1,7,7,20,white_cream,Eucalyptus_orgadophila,Eucalyptus orgadophila,Symphyomyrtus
Eucalyptus ornata,1.5,2,0.6,0.9,0.5,1,1,1.7,9,11,10,white_cream,Eucalyptus_ornata,Eucalyptus ornata,Symphyomyrtus
Eucalyptus orthostemon,0.9,1.4,0.3,0.5,0.5,0.8,0.5,0.7,7,7,7,white_cream,Eucalyptus_orthostemon,Eucalyptus orthostemon,Symphyomyrtus
Eucalyptus ovata,0.5,1.1,0.4,0.9,0.3,1,0.4,1.3,7,7,30,white_cream,Eucalyptus_ovata,Eucalyptus ovata,Symphyomyrtus
Eucalyptus ovularis,0.45,0.8,0.25,0.4,0.4,0.6,0.4,0.5,9,13,12,white_cream,Eucalyptus_ovularis,Eucalyptus ovularis,Symphyomyrtus
Eucalyptus oxymitra,1.1,1.6,0.6,1.3,0.5,1.2,1,2.1,7,7,7,white_cream,Eucalyptus_oxymitra,Eucalyptus oxymitra,Symphyomyrtus
Eucalyptus pachycalyx,0.7,1.2,0.4,0.6,0.4,0.6,0.6,0.9,7,11,15,white_cream,Eucalyptus_pachycalyx,Eucalyptus pachycalyx,Symphyomyrtus
Eucalyptus pachyloma,0.7,1,0.6,0.9,0.7,1.1,1.2,1.7,7,13,4,white_cream,Eucalyptus_pachyloma,Eucalyptus pachyloma,Eucalyptus
Eucalyptus pachyphylla,1.8,3.2,1.3,2.5,0.6,1.5,1.6,3.5,3,3,5,yellow,Eucalyptus_pachyphylla,Eucalyptus pachyphylla,Symphyomyrtus
Eucalyptus paedoglauca,0.7,NA,0.4,NA,0.5,0.7,0.5,0.7,7,7,17,white_cream,Eucalyptus_paedoglauca,Eucalyptus paedoglauca,Symphyomyrtus
Eucalyptus paliformis,0.5,NA,0.3,NA,0.6,0.8,0.5,0.7,7,7,12,white_cream,Eucalyptus_paliformis,Eucalyptus paliformis,Eucalyptus
Eucalyptus paludicola,1,1.3,0.7,0.9,0.8,1.3,0.9,1.5,7,7,12,white_cream,Eucalyptus_paludicola,Eucalyptus paludicola,Symphyomyrtus
Eucalyptus panda,0.4,0.7,0.3,0.4,0.4,0.6,0.5,0.7,7,7,20,white_cream,Eucalyptus_panda,Eucalyptus panda,Symphyomyrtus
Eucalyptus paniculata,0.5,1.3,0.4,0.7,0.4,1.3,0.4,1,7,7,40,white_cream,Eucalyptus_paniculata,Eucalyptus paniculata,Symphyomyrtus
Eucalyptus pantoleuca,1.4,2.5,1.3,2.2,0.9,1.5,1.5,2.4,3,3,10,white_cream,NA,Eucalyptus pantoleuca,Symphyomyrtus
Eucalyptus parramattensis,0.4,1.2,0.3,0.6,0.3,0.6,0.5,0.9,7,7,15,white_cream,Eucalyptus_parramattensis,Eucalyptus parramattensis,Symphyomyrtus
Eucalyptus parvula,0.4,NA,0.2,0.3,0.3,0.4,0.3,0.5,7,7,15,white_cream,Eucalyptus_parvula,Eucalyptus parvula,Symphyomyrtus
Eucalyptus patellaris,0.9,1.6,0.6,0.9,0.6,1.2,0.6,1.3,7,7,15,white_cream,Eucalyptus_patellaris,Eucalyptus patellaris,Symphyomyrtus
Eucalyptus patens,0.7,1.1,0.5,0.7,0.7,1.4,0.7,1.3,7,11,40,white_cream,Eucalyptus_patens,Eucalyptus patens,Eucalyptus
Eucalyptus pauciflora,0.4,1.2,0.3,0.6,0.5,1.3,0.5,1.5,9,15,30,white_cream,Eucalyptus_pauciflora,Eucalyptus pauciflora,Eucalyptus
Eucalyptus pellita,1.5,1.6,0.9,1,0.6,1.1,0.8,1.4,7,7,40,white_cream,Eucalyptus_pellita,Eucalyptus pellita,Symphyomyrtus
Eucalyptus pendens,0.7,1,0.5,0.7,1.1,2,1.3,1.6,9,11,4,white_cream,Eucalyptus_pendens,Eucalyptus pendens,Eucalyptus
Eucalyptus peninsularis,1.2,1.7,0.4,0.6,0.9,1.1,0.6,0.9,7,11,6,white_cream,NA,Eucalyptus peninsularis,Symphyomyrtus
Eucalyptus perangusta,0.5,0.9,0.2,0.3,0.4,0.6,0.4,0.5,7,9,4,white_cream,Eucalyptus_perangusta,Eucalyptus perangusta,Symphyomyrtus
Eucalyptus percostata,0.8,1.2,0.6,0.7,0.6,0.8,0.5,0.9,7,7,10,white_cream,Eucalyptus_percostata,Eucalyptus percostata,Symphyomyrtus
Eucalyptus perriniana,0.6,0.7,0.4,0.5,0.4,0.6,0.5,0.8,3,3,8,white_cream,Eucalyptus_perriniana,Eucalyptus perriniana,Symphyomyrtus
Eucalyptus persistens,0.3,0.6,0.2,0.3,0.3,0.5,0.3,0.4,7,7,12,white_cream,Eucalyptus_persistens,Eucalyptus persistens,Symphyomyrtus
Eucalyptus petiolaris,1.1,1.7,0.7,1,1.1,1.7,1,1.5,3,3,15,red white_cream,Eucalyptus_petiolaris,Eucalyptus petiolaris,Symphyomyrtus
Eucalyptus petraea,0.6,0.9,0.4,0.7,0.4,1,0.5,1,7,7,5,white_cream,Eucalyptus_petraea,Eucalyptus petraea,Symphyomyrtus
Eucalyptus petrensis,1,1.5,0.4,0.6,0.5,0.8,0.7,1,9,15,3,white_cream,Eucalyptus_petrensis,Eucalyptus petrensis,Symphyomyrtus
Eucalyptus phaenophylla,1.2,1.9,0.3,0.5,0.5,0.9,0.5,0.7,11,13,5,white_cream yellow,Eucalyptus_phaenophylla,Eucalyptus phaenophylla,Symphyomyrtus
Eucalyptus phenax,0.7,1.3,0.4,0.6,0.4,1,0.5,1,7,9,8,white_cream,Eucalyptus_phenax,Eucalyptus phenax,Symphyomyrtus
Eucalyptus phoenicea,0.8,1.9,0.5,0.8,1.9,3,0.9,1.3,7,7,12,orange,Eucalyptus_phoenicea,Eucalyptus phoenicea,Eudesmia
Eucalyptus pilbarensis,0.9,1.4,0.45,0.6,0.8,1.2,0.6,0.9,7,7,3,white_cream,Eucalyptus_pilbarensis,Eucalyptus pilbarensis,Symphyomyrtus
Eucalyptus pileata,0.7,1.2,0.5,0.8,0.6,1,0.7,0.8,7,7,6,white_cream,Eucalyptus_pileata,Eucalyptus pileata,Symphyomyrtus
Eucalyptus pilularis,0.6,1,0.3,0.5,0.5,1.1,0.7,1.2,7,15,70,white_cream,Eucalyptus_pilularis,Eucalyptus pilularis,Eucalyptus
Eucalyptus pimpiniana,2,3.3,0.7,1,1.4,2,0.9,1.2,9,15,2,yellow,Eucalyptus_pimpiniana,Eucalyptus pimpiniana,Symphyomyrtus
Eucalyptus piperita,0.5,0.7,0.2,0.3,0.5,0.8,0.4,0.8,9,15,25,white_cream,Eucalyptus_piperita,Eucalyptus piperita,Eucalyptus
Eucalyptus placita,0.6,0.7,0.3,0.4,0.5,0.9,0.5,0.7,7,7,30,white_cream,Eucalyptus_placita,Eucalyptus placita,Symphyomyrtus
Eucalyptus planchoniana,2,2.9,0.8,1,1.7,2.8,1.6,2.6,7,7,25,white_cream,Eucalyptus_planchoniana,Eucalyptus planchoniana,Eucalyptus
Eucalyptus platycorys,0.8,1.7,0.6,1,0.8,1.1,0.8,1.1,3,3,8,white_cream,Eucalyptus_platycorys,Eucalyptus platycorys,Symphyomyrtus
Eucalyptus platydisca,1.2,1.7,0.8,1,0.7,1.4,1.1,1.6,7,7,4,white_cream,Eucalyptus_platydisca,Eucalyptus platydisca,Eucalyptus
Eucalyptus platyphylla,0.6,0.9,0.5,0.7,0.3,0.6,0.6,1,7,7,35,white_cream,Eucalyptus_platyphylla,Eucalyptus platyphylla,Symphyomyrtus
Eucalyptus platypus,2.5,3.2,0.6,0.9,1,1.9,0.9,1.3,7,7,8,yellow green red,NA,Eucalyptus platypus,Symphyomyrtus
Eucalyptus pleurocarpa,0.8,1.3,0.5,0.9,1.2,2.2,1.4,2,3,3,5,white_cream,Eucalyptus_pleurocarpa,Eucalyptus pleurocarpa,Eudesmia
Eucalyptus pluricaulis,1.7,2.8,0.3,0.5,0.7,1.1,0.5,0.7,9,11,5,white_cream,Eucalyptus_pluricaulis,Eucalyptus pluricaulis,Symphyomyrtus
Eucalyptus polita,0.6,0.7,0.4,NA,0.4,0.5,0.4,0.7,7,11,15,white_cream,Eucalyptus_polita,Eucalyptus polita,Symphyomyrtus
Eucalyptus polyanthemos,0.3,0.6,0.2,0.4,0.3,0.6,0.3,0.6,7,7,25,white_cream,Eucalyptus_polyanthemos,Eucalyptus polyanthemos,Symphyomyrtus
Eucalyptus polybractea,0.4,0.6,0.3,0.4,0.4,0.7,0.3,0.5,7,11,8,white_cream,Eucalyptus_polybractea,Eucalyptus polybractea,Symphyomyrtus
Eucalyptus populnea,0.3,0.5,0.2,0.3,0.2,0.4,0.2,0.4,7,15,20,white_cream,Eucalyptus_populnea,Eucalyptus populnea,Symphyomyrtus
Eucalyptus porosa,0.4,0.7,0.3,0.5,0.4,0.7,0.4,0.8,7,7,6,white_cream,Eucalyptus_porosa,Eucalyptus porosa,Symphyomyrtus
Eucalyptus praetermissa,1.1,1.5,0.25,0.4,0.6,0.8,0.4,0.6,9,15,10,white_cream,Eucalyptus_praetermissa,Eucalyptus praetermissa,Symphyomyrtus
Eucalyptus prava,1,1.5,0.4,0.6,0.3,0.8,0.5,1,7,7,15,white_cream,Eucalyptus_prava,Eucalyptus prava,Symphyomyrtus
Eucalyptus preissiana,1.5,2.6,1.3,1.8,1.1,2.7,2,5.3,3,3,2.5,yellow,Eucalyptus_preissiana,Eucalyptus preissiana,Eucalyptus
Eucalyptus prolixa,1.1,1.5,0.4,0.5,1,1.5,0.4,0.7,7,7,10,white_cream,Eucalyptus_prolixa,Eucalyptus prolixa,Symphyomyrtus
Eucalyptus prominens,0.7,1.1,0.5,0.8,0.6,1.1,0.7,1,7,9,3,white_cream,Eucalyptus_prominens,Eucalyptus prominens,Symphyomyrtus
Eucalyptus propinqua,0.3,0.5,0.3,NA,0.2,0.4,0.4,0.6,7,15,40,white_cream,Eucalyptus_propinqua,Eucalyptus propinqua,Symphyomyrtus
Eucalyptus protensa,2.9,4,0.6,0.9,0.6,0.8,0.8,1.3,7,7,10,yellow,Eucalyptus_protensa,Eucalyptus protensa,Symphyomyrtus
Eucalyptus provecta,0.3,0.5,0.2,0.3,0.3,0.5,0.35,0.5,7,7,12,white_cream,NA,Eucalyptus provecta,Symphyomyrtus
Eucalyptus proxima,0.8,1.5,0.5,0.9,0.9,1.3,0.8,1.4,7,7,3,red yellow,Eucalyptus_proxima,Eucalyptus proxima,Symphyomyrtus
Eucalyptus pruiniramis,1.1,1.6,0.5,0.7,0.8,1.2,0.8,1,7,11,4,white_cream,Eucalyptus_pruiniramis,Eucalyptus pruiniramis,Symphyomyrtus
Eucalyptus pruinosa,0.6,1.2,0.3,0.5,0.5,1.3,0.4,0.8,7,7,10,white_cream,Eucalyptus_pruinosa,Eucalyptus pruinosa,Symphyomyrtus
Eucalyptus psammitica,0.6,0.7,0.3,0.5,0.7,0.9,0.8,0.9,7,15,20,white_cream,NA,Eucalyptus psammitica,Eucalyptus
Eucalyptus pterocarpa,2,2.5,1,1.3,1.2,1.5,1.4,2.3,7,7,10,white_cream,Eucalyptus_pterocarpa,Eucalyptus pterocarpa,Symphyomyrtus
Eucalyptus pulchella,0.3,0.6,0.2,0.3,0.4,0.6,0.5,0.7,9,20,21,white_cream,Eucalyptus_pulchella,Eucalyptus pulchella,Eucalyptus
Eucalyptus pulverulenta,0.9,1.1,0.4,0.7,0.5,1,0.6,1.1,3,3,10,white_cream,Eucalyptus_pulverulenta,Eucalyptus pulverulenta,Symphyomyrtus
Eucalyptus pumila,0.7,1.1,0.4,0.6,0.4,0.6,0.7,0.9,7,7,6,white_cream,Eucalyptus_pumila,Eucalyptus pumila,Symphyomyrtus
Eucalyptus punctata,0.6,0.9,0.4,0.9,0.4,0.9,0.6,1,7,7,35,white_cream,NA,Eucalyptus punctata,Symphyomyrtus
Eucalyptus purpurata,1.1,1.5,0.4,0.5,0.5,0.6,0.6,0.7,7,11,10,white_cream,Eucalyptus_purpurata,Eucalyptus purpurata,Symphyomyrtus
Eucalyptus pyriformis,3.2,6,2,3,2.5,4,3,5.5,3,3,5,red yellow,Eucalyptus_pyriformis,Eucalyptus pyriformis,Symphyomyrtus
Eucalyptus pyrocarpa,0.9,1.3,0.6,0.7,1,1.5,0.9,1.7,7,11,30,white_cream,Eucalyptus_pyrocarpa,Eucalyptus pyrocarpa,Eucalyptus
Eucalyptus quadrangulata,0.4,0.7,0.3,NA,0.4,0.5,0.4,0.6,7,7,50,white_cream,Eucalyptus_quadrangulata,Eucalyptus quadrangulata,Symphyomyrtus
Eucalyptus quadrans,0.5,0.7,0.3,0.6,0.6,0.9,0.4,0.7,7,7,12,white_cream,Eucalyptus_quadrans,Eucalyptus quadrans,Symphyomyrtus
Eucalyptus quadricostata,0.8,1.2,0.4,0.6,0.6,1.3,0.6,1,7,7,14,white_cream,Eucalyptus_quadricostata,Eucalyptus quadricostata,Symphyomyrtus
Eucalyptus quaerenda,0.4,0.6,0.3,0.4,0.4,0.5,0.5,0.7,7,7,4,white_cream,Eucalyptus_quaerenda,Eucalyptus quaerenda,Symphyomyrtus
Eucalyptus racemosa,0.3,0.5,0.2,0.3,0.3,0.6,0.4,0.7,7,15,25,white_cream,Eucalyptus_racemosa,Eucalyptus racemosa,Eucalyptus
Eucalyptus radiata,0.3,0.6,0.2,0.3,0.3,0.6,0.4,0.7,9,20,50,white_cream,Eucalyptus_radiata,Eucalyptus radiata,Eucalyptus
Eucalyptus rameliana,2.5,3.7,1.5,2.7,1.2,1.7,2.3,3.5,1,1,3,red yellow,Eucalyptus_rameliana,Eucalyptus rameliana,Symphyomyrtus
Eucalyptus raveretiana,0.3,0.4,0.15,0.2,0.05,0.15,0.15,0.3,7,7,30,white_cream,Eucalyptus_raveretiana,Eucalyptus raveretiana,Symphyomyrtus
Eucalyptus ravida,0.8,1.3,0.5,0.6,0.4,0.7,0.6,1,7,7,10,white_cream,Eucalyptus_ravida,Eucalyptus ravida,Symphyomyrtus
Eucalyptus recta,1.5,2.5,0.6,0.9,0.6,0.9,1,1.4,9,11,15,white_cream,Eucalyptus_recta,Eucalyptus recta,Symphyomyrtus
Eucalyptus recurva,0.4,0.5,0.3,0.4,0.3,NA,0.4,0.6,3,3,4,white_cream,Eucalyptus_recurva,Eucalyptus recurva,Symphyomyrtus
Eucalyptus redunca,1.6,2.6,0.3,0.5,0.7,1.1,0.5,0.8,9,11,2,yellow,Eucalyptus_redunca,Eucalyptus redunca,Symphyomyrtus
Eucalyptus regnans,0.4,0.7,0.2,0.4,0.5,0.8,0.4,0.7,9,15,99.6,white_cream,Eucalyptus_regnans,Eucalyptus regnans,Eucalyptus
Eucalyptus relicta,0.6,1,0.4,0.7,0.4,0.6,0.7,0.8,7,13,12,white_cream,NA,Eucalyptus relicta,Symphyomyrtus
Eucalyptus remota,0.4,0.6,0.3,0.4,0.6,1,0.5,1,9,19,4,white_cream,Eucalyptus_remota,Eucalyptus remota,Eucalyptus
Eucalyptus repullulans,0.8,1.2,0.5,0.6,0.7,1.2,0.7,0.9,7,13,5,white_cream,NA,Eucalyptus repullulans,Symphyomyrtus
Eucalyptus resinifera,1,1.9,0.3,0.7,0.3,0.8,0.6,1,7,11,45,white_cream,Eucalyptus_resinifera,Eucalyptus resinifera,Symphyomyrtus
Eucalyptus retinens,0.7,1,0.3,0.5,0.5,1,0.7,1,7,7,25,white_cream,Eucalyptus_retinens,Eucalyptus retinens,Symphyomyrtus
Eucalyptus retusa,NA,NA,NA,NA,0.8,NA,0.7,1,13,19,4,green,Eucalyptus_retusa,Eucalyptus retusa,Symphyomyrtus
Eucalyptus rhodantha,2.8,5.3,2.3,3.7,1.6,2.8,3.3,4.5,1,1,3,red,Eucalyptus_rhodantha,Eucalyptus rhodantha,Symphyomyrtus
Eucalyptus rhombica,0.8,1.4,0.5,0.6,0.7,1,0.7,1,7,7,20,white_cream,Eucalyptus_rhombica,Eucalyptus rhombica,Symphyomyrtus
Eucalyptus rhomboidea,1.2,NA,0.6,NA,0.7,0.8,0.7,0.9,7,7,18,yellow,Eucalyptus_rhomboidea,Eucalyptus rhomboidea,Symphyomyrtus
Eucalyptus rigens,1.2,1.5,0.6,1,0.9,1.3,0.8,1.3,3,3,4,white_cream,Eucalyptus_rigens,Eucalyptus rigens,Symphyomyrtus
Eucalyptus rigidula,0.8,1.2,0.3,0.5,0.4,0.8,0.5,0.8,9,11,4,white_cream,Eucalyptus_rigidula,Eucalyptus rigidula,Symphyomyrtus
Eucalyptus risdonii,0.4,0.7,0.3,0.5,0.6,1,0.6,0.9,9,15,8,white_cream,Eucalyptus_risdonii,Eucalyptus risdonii,Eucalyptus
Eucalyptus robusta,1.6,2,0.6,0.9,1,1.6,0.7,1.1,9,15,30,white_cream,NA,Eucalyptus robusta,Symphyomyrtus
Eucalyptus rodwayi,0.4,0.6,0.2,0.35,0.2,0.5,0.4,0.6,7,11,20,white_cream,Eucalyptus_rodwayi,Eucalyptus rodwayi,Symphyomyrtus
Eucalyptus rosacea,1.1,1.7,0.6,0.7,0.3,0.5,0.6,1.2,7,7,4,red white_cream,Eucalyptus_rosacea,Eucalyptus rosacea,Symphyomyrtus
Eucalyptus rossii,0.3,0.5,0.2,0.3,0.3,0.6,0.4,0.6,9,15,20,white_cream,NA,Eucalyptus rossii,Eucalyptus
Eucalyptus rowleyi,0.5,0.6,0.3,0.5,0.5,1,0.4,0.7,7,9,5,white_cream,NA,Eucalyptus rowleyi,Symphyomyrtus
Eucalyptus roycei,1.4,2.1,0.8,1.1,1.5,3,1.5,3,7,9,6,white_cream,Eucalyptus_roycei,Eucalyptus roycei,Eudesmia
Eucalyptus rubida,0.5,0.9,0.3,0.5,0.3,0.8,0.4,0.8,3,3,40,white_cream,Eucalyptus_rubida,Eucalyptus rubida,Symphyomyrtus
Eucalyptus rubiginosa,0.8,1.1,0.4,0.7,0.6,0.9,0.9,1.2,9,11,15,white_cream,Eucalyptus_rubiginosa,Eucalyptus rubiginosa,Eucalyptus
Eucalyptus rudderi,0.3,NA,0.2,0.3,0.3,0.4,0.4,0.5,7,7,40,white_cream,Eucalyptus_rudderi,Eucalyptus rudderi,Symphyomyrtus
Eucalyptus rudis,0.8,1.5,0.4,0.9,0.4,0.8,0.7,1.4,7,11,25,white_cream,Eucalyptus_rudis,Eucalyptus rudis,Symphyomyrtus
Eucalyptus rugosa,0.8,1.2,0.5,0.8,0.6,1.1,0.6,1,7,11,10,white_cream,Eucalyptus_rugosa,Eucalyptus rugosa,Symphyomyrtus
Eucalyptus rugulata,1.5,2.2,0.7,0.9,0.7,1.2,0.8,1.2,7,7,15,white_cream,Eucalyptus_rugulata,Eucalyptus rugulata,Symphyomyrtus
Eucalyptus rummeryi,0.4,0.6,0.2,0.3,0.3,0.5,0.3,0.5,3,7,40,white_cream,Eucalyptus_rummeryi,Eucalyptus rummeryi,Symphyomyrtus
Eucalyptus rupestris,0.4,NA,0.3,NA,0.3,0.5,0.3,0.4,7,7,5,white_cream,NA,Eucalyptus rupestris,Symphyomyrtus
Eucalyptus sabulosa,0.5,0.7,0.3,0.4,0.3,0.4,0.4,0.6,7,7,15,white_cream,NA,Eucalyptus sabulosa,Symphyomyrtus
Eucalyptus salicola,0.5,0.9,0.25,0.4,0.2,0.5,0.3,0.4,7,11,15,white_cream,Eucalyptus_salicola,Eucalyptus salicola,Symphyomyrtus
Eucalyptus saligna,0.5,1,0.3,0.5,0.4,0.9,0.4,0.7,7,11,60,white_cream,Eucalyptus_saligna,Eucalyptus saligna,Symphyomyrtus
Eucalyptus salmonophloia,0.4,0.7,0.3,0.4,0.3,0.5,0.4,0.5,9,13,25,white_cream,Eucalyptus_salmonophloia,Eucalyptus salmonophloia,Symphyomyrtus
Eucalyptus salubris,0.6,1.2,0.3,0.7,0.3,0.6,0.5,0.7,7,7,15,white_cream,Eucalyptus_salubris,Eucalyptus salubris,Symphyomyrtus
Eucalyptus sargentii,1.6,2.6,0.4,0.5,0.6,1.2,0.5,0.9,7,7,11,white_cream,Eucalyptus_sargentii,Eucalyptus sargentii,Symphyomyrtus
Eucalyptus saxatilis,0.9,1,0.8,0.9,0.7,1.1,0.8,1.4,3,3,8,white_cream,Eucalyptus_saxatilis,Eucalyptus saxatilis,Symphyomyrtus
Eucalyptus scias,1,1.9,0.7,1.3,0.5,1,1,1.8,3,7,20,white_cream,Eucalyptus_scias,Eucalyptus scias,Symphyomyrtus
Eucalyptus scoparia,0.4,0.5,0.3,0.4,0.3,0.5,0.4,0.6,7,7,15,white_cream,Eucalyptus_scoparia,Eucalyptus scoparia,Symphyomyrtus
Eucalyptus scopulorum,0.7,0.9,0.35,0.45,0.6,0.9,0.5,0.7,7,7,8,white_cream,Eucalyptus_scopulorum,Eucalyptus scopulorum,Symphyomyrtus
Eucalyptus scyphocalyx,0.8,1.2,0.6,0.8,0.8,1.2,0.7,1.1,3,7,5,white_cream,Eucalyptus_scyphocalyx,Eucalyptus scyphocalyx,Symphyomyrtus
Eucalyptus seeana,1,1.6,0.3,0.5,0.2,0.5,0.5,0.8,7,11,40,white_cream,Eucalyptus_seeana,Eucalyptus seeana,Symphyomyrtus
Eucalyptus semiglobosa,0.8,1.1,0.6,0.8,0.8,1,1,1.4,7,11,5,white_cream,NA,Eucalyptus semiglobosa,Symphyomyrtus
Eucalyptus semota,0.4,0.6,0.3,0.5,0.4,0.5,0.4,0.5,7,9,8,white_cream,Eucalyptus_semota,Eucalyptus semota,Symphyomyrtus
Eucalyptus sepulcralis,1.2,1.7,0.5,0.9,NA,NA,2,2.5,7,7,7,white_cream,Eucalyptus_sepulcralis,Eucalyptus sepulcralis,Eucalyptus
Eucalyptus serraensis,0.6,1.5,0.5,1,0.6,1.7,1,2,3,7,8,white_cream,Eucalyptus_serraensis,Eucalyptus serraensis,Eucalyptus
Eucalyptus sessilis,1.8,2.5,1,1.6,0.6,1.3,1.3,2.3,7,7,5,yellow,Eucalyptus_sessilis,Eucalyptus sessilis,Symphyomyrtus
Eucalyptus sheathiana,0.6,1.2,0.4,0.7,0.5,1,0.5,0.8,7,7,10,white_cream,NA,Eucalyptus sheathiana,Symphyomyrtus
Eucalyptus shirleyi,0.8,1,0.4,0.6,0.6,1,0.5,1,7,7,7,white_cream,NA,Eucalyptus shirleyi,Symphyomyrtus
Eucalyptus sicilifolia,0.5,0.6,0.3,0.4,0.4,0.7,0.4,0.6,7,7,10,white_cream,Eucalyptus_sicilifolia,Eucalyptus sicilifolia,Symphyomyrtus
Eucalyptus siderophloia,0.5,1,0.3,0.4,0.3,0.8,0.4,0.7,7,7,45,white_cream,Eucalyptus_siderophloia,Eucalyptus siderophloia,Symphyomyrtus
Eucalyptus sideroxylon,0.6,1.5,0.4,0.6,0.5,1.1,0.5,1,7,7,35,red white_cream,Eucalyptus_sideroxylon,Eucalyptus sideroxylon,Symphyomyrtus
Eucalyptus sieberi,0.3,0.5,0.3,0.4,0.6,1.1,0.6,0.9,7,15,45,white_cream,Eucalyptus_sieberi,Eucalyptus sieberi,Eucalyptus
Eucalyptus similis,0.8,1.2,0.4,0.5,0.8,1.5,0.6,1.3,7,7,12,white_cream,Eucalyptus_similis,Eucalyptus similis,Eudesmia
Eucalyptus singularis,1.5,2.5,0.5,0.6,1,1.5,0.8,1.4,7,7,6,white_cream,Eucalyptus_singularis,Eucalyptus singularis,Symphyomyrtus
Eucalyptus sinuosa,NA,NA,NA,NA,NA,NA,NA,NA,11,25,4,green,NA,Eucalyptus sinuosa,Symphyomyrtus
Eucalyptus smithii,0.4,0.6,0.3,0.4,0.3,0.6,0.4,0.8,7,7,45,white_cream,Eucalyptus_smithii,Eucalyptus smithii,Symphyomyrtus
Eucalyptus socialis,0.8,2,0.3,0.8,0.4,1.2,0.4,1,9,13,10,white_cream,Eucalyptus_socialis,Eucalyptus socialis,Symphyomyrtus
Eucalyptus sp. Kalbarri (M.I.H.Brooker 7937),0.7,1.4,0.3,0.5,0.5,0.8,0.5,0.8,9,11,4,white_cream,NA,NA,NA
Eucalyptus sp. Mulga Rock (K.D.Hill & L.A.S.Johnson KH 2668),0.8,NA,0.3,NA,0.4,NA,0.4,0.5,7,9,4,NA,Eucalyptus_minigwalica,NA,NA
Eucalyptus sp. Southern wheatbelt (D.Nicolle & M.French DN 5507),0.7,1.3,0.4,0.7,0.6,1.1,0.7,0.9,9,13,5,white_cream,NA,Eucalyptus sp. Southern wheatbelt (D.Nicolle & M.French DN 5507),Dumaria
Eucalyptus sparsa,0.4,0.6,0.3,0.4,0.4,0.7,0.5,0.7,7,7,9,white_cream,Eucalyptus_sparsa,Eucalyptus sparsa,Symphyomyrtus
Eucalyptus sparsifolia,0.4,0.6,0.2,NA,0.3,0.5,0.5,0.7,9,15,8,white_cream,Eucalyptus_sparsifolia,Eucalyptus sparsifolia,Eucalyptus
Eucalyptus spathulata,0.9,1.3,0.3,0.4,0.4,0.8,0.5,0.7,3,7,10,white_cream,Eucalyptus_spathulata,Eucalyptus spathulata,Symphyomyrtus
Eucalyptus sphaerocarpa,0.7,0.9,0.4,0.5,0.9,1.2,1,1.3,7,11,45,white_cream,Eucalyptus_sphaerocarpa,Eucalyptus sphaerocarpa,Eucalyptus
Eucalyptus splendens,0.5,NA,0.2,0.3,0.5,0.6,0.5,0.8,7,7,10,white_cream,Eucalyptus_splendens,Eucalyptus splendens,Symphyomyrtus
Eucalyptus sporadica,1.3,2.8,0.3,0.7,0.6,1.5,0.7,1,7,7,4,white_cream,NA,Eucalyptus sporadica,Symphyomyrtus
Eucalyptus spreta,0.7,1.1,0.4,0.5,0.4,0.7,0.4,0.7,7,7,10,white_cream,Eucalyptus_spreta,Eucalyptus spreta,Symphyomyrtus
Eucalyptus squamosa,0.6,1.1,0.3,0.5,0.4,0.7,0.6,0.8,7,11,8,white_cream,Eucalyptus_squamosa,Eucalyptus squamosa,Symphyomyrtus
Eucalyptus staeri,1.3,2,0.5,0.7,1.4,2.3,1.6,2.2,7,15,10,white_cream,Eucalyptus_staeri,Eucalyptus staeri,Eucalyptus
Eucalyptus staigeriana,0.6,0.7,0.3,0.4,0.4,0.7,0.4,0.7,7,7,12,white_cream,NA,Eucalyptus staigeriana,Symphyomyrtus
Eucalyptus steedmanii,2,3.2,0.9,1.4,1.4,2,1.3,2.2,3,3,12,white_cream,Eucalyptus_steedmanii,Eucalyptus steedmanii,Symphyomyrtus
Eucalyptus stellulata,0.4,0.6,0.2,NA,0.3,0.5,0.3,0.5,9,15,15,white_cream,Eucalyptus_stellulata,Eucalyptus stellulata,Eucalyptus
Eucalyptus stenostoma,0.5,0.6,0.3,0.4,0.7,1.2,0.6,1.2,13,19,25,white_cream,Eucalyptus_stenostoma,Eucalyptus stenostoma,Eucalyptus
Eucalyptus stoatei,2.9,5.5,1.3,2.5,2.2,4,1.8,3,1,1,6,yellow,Eucalyptus_stoatei,Eucalyptus stoatei,Symphyomyrtus
Eucalyptus stowardii,2.2,3.9,0.6,1,1.2,1.8,0.9,1.5,7,7,5,white_cream,Eucalyptus_stowardii,Eucalyptus stowardii,Symphyomyrtus
Eucalyptus striaticalyx,0.8,1.3,0.4,0.7,0.6,1,0.5,0.9,7,13,12,white_cream,NA,Eucalyptus striaticalyx,Symphyomyrtus
Eucalyptus stricklandii,2,2.5,0.8,1.2,1,1.8,1,1.5,7,7,9,yellow,Eucalyptus_stricklandii,Eucalyptus stricklandii,Symphyomyrtus
Eucalyptus stricta,0.6,0.9,0.4,0.5,0.6,1,0.6,1.1,7,7,7,white_cream,Eucalyptus_stricta,Eucalyptus stricta,Eucalyptus
Eucalyptus strzeleckii,0.5,0.7,0.3,0.4,0.3,0.5,0.5,0.7,7,7,40,white_cream,Eucalyptus_strzeleckii,Eucalyptus strzeleckii,Symphyomyrtus
Eucalyptus sturgissiana,0.6,0.7,0.4,0.5,0.3,0.6,0.5,0.7,7,7,5,white_cream,Eucalyptus_sturgissiana,Eucalyptus sturgissiana,Symphyomyrtus
Eucalyptus subangusta,0.5,1,0.2,0.4,0.3,0.7,0.3,0.6,9,17,7,white_cream,Eucalyptus_subangusta,Eucalyptus subangusta,Symphyomyrtus
Eucalyptus subcrenulata,0.6,0.8,0.4,0.6,0.5,0.7,0.5,0.9,3,3,60,white_cream,Eucalyptus_subcrenulata,Eucalyptus subcrenulata,Symphyomyrtus
Eucalyptus suberea,0.6,NA,0.4,NA,0.6,0.8,0.7,1,11,20,3,white_cream,Eucalyptus_suberea,Eucalyptus suberea,Eucalyptus
Eucalyptus subtilis,0.6,0.8,0.2,0.3,0.4,0.6,0.3,0.5,9,11,3,white_cream,Eucalyptus_subtilis,Eucalyptus subtilis,Symphyomyrtus
Eucalyptus suffulgens,0.7,1,0.4,0.5,0.7,1.3,0.5,1,7,7,25,white_cream,NA,Eucalyptus suffulgens,Symphyomyrtus
Eucalyptus suggrandis,1.1,2,0.4,0.7,0.6,1.5,0.5,0.9,3,7,5,white_cream,Eucalyptus_suggrandis,Eucalyptus suggrandis,Symphyomyrtus
Eucalyptus surgens,0.9,1.2,0.5,0.7,0.6,0.9,0.7,1,3,7,2,white_cream,Eucalyptus_surgens,Eucalyptus surgens,Symphyomyrtus
Eucalyptus sweedmaniana,5,NA,3.5,NA,3.4,3.8,3,4.1,1,1,1,red,NA,Eucalyptus sweedmaniana,Symphyomyrtus
Eucalyptus synandra,1.1,2.1,0.6,0.8,0.4,0.6,0.9,1.3,7,7,4,pink white_cream,Eucalyptus_synandra,Eucalyptus synandra,Symphyomyrtus
Eucalyptus talyuberlup,1.9,6.3,0.3,1.3,1.1,2.2,1.3,1.8,7,13,10,green,Eucalyptus_talyuberlup,Eucalyptus talyuberlup,Symphyomyrtus
Eucalyptus tardecidens,0.4,0.5,0.2,0.3,0.3,0.5,0.3,0.5,7,7,10,white_cream,NA,Eucalyptus tardecidens,Symphyomyrtus
Eucalyptus taurina,0.6,0.8,0.3,0.4,0.5,0.7,0.5,0.7,7,7,22,white_cream,NA,Eucalyptus taurina,Symphyomyrtus
Eucalyptus tectifica,0.4,0.7,0.3,0.5,0.3,0.8,0.4,0.8,7,7,15,white_cream,Eucalyptus_tectifica,Eucalyptus tectifica,Symphyomyrtus
Eucalyptus tenella,0.4,0.6,0.2,0.3,0.3,0.5,0.5,0.8,7,15,15,white_cream,Eucalyptus_tenella,Eucalyptus tenella,Eucalyptus
Eucalyptus tenera,2.8,4,0.5,0.6,0.7,1,0.6,1.1,11,11,5,yellow,Eucalyptus_tenera,Eucalyptus tenera,Symphyomyrtus
Eucalyptus tenuipes,0.3,0.4,0.2,0.3,0.3,0.7,0.4,0.7,11,20,5,white_cream,Eucalyptus_tenuipes,Eucalyptus tenuipes,Cuboidea
Eucalyptus tenuiramis,0.5,0.8,0.3,0.4,0.5,1.2,0.6,1.1,9,15,25,white_cream,Eucalyptus_tenuiramis,Eucalyptus tenuiramis,Eucalyptus
Eucalyptus tenuis,0.8,1,0.6,0.9,0.8,1.2,0.8,1,3,3,10,white_cream,Eucalyptus_tenuis,Eucalyptus tenuis,Symphyomyrtus
Eucalyptus tephroclada,2.4,3.2,0.5,0.8,0.8,1.4,0.6,1,9,9,4,yellow,NA,Eucalyptus tephroclada,Symphyomyrtus
Eucalyptus tephrodes,0.8,1,0.4,0.5,0.5,0.9,0.5,0.8,7,7,12,NA,Eucalyptus_tephrodes,Eucalyptus tephrodes,Symphyomyrtus
Eucalyptus terebra,0.6,1,0.6,0.8,0.3,0.6,0.9,1.3,7,7,12,yellow,Eucalyptus_terebra,Eucalyptus terebra,Symphyomyrtus
Eucalyptus tereticornis,0.7,2.1,0.3,0.7,0.2,0.6,0.4,1,7,11,50,white_cream,Eucalyptus_tereticornis,Eucalyptus tereticornis,Symphyomyrtus
Eucalyptus terrica,0.6,0.8,0.3,0.4,0.2,0.4,0.4,0.6,7,7,10,white_cream,NA,Eucalyptus terrica,Symphyomyrtus
Eucalyptus tetrapleura,1.2,1.4,0.4,0.6,0.7,1,0.5,0.8,7,7,30,white_cream,Eucalyptus_tetrapleura,Eucalyptus tetrapleura,Symphyomyrtus
Eucalyptus tetraptera,3.4,6.5,2,4,3.5,5.5,2.5,5.5,1,1,4,red,Eucalyptus_tetraptera,Eucalyptus tetraptera,Symphyomyrtus
Eucalyptus tetrodonta,0.8,1.3,0.6,1.2,1.2,2,0.9,1.4,3,3,30,white_cream,Eucalyptus_tetrodonta,Eucalyptus tetrodonta,Eudesmia
Eucalyptus thamnoides,1.3,2.3,0.3,0.7,0.6,1.3,0.6,1,7,7,4,white_cream,Eucalyptus_thamnoides,Eucalyptus thamnoides,Symphyomyrtus
Eucalyptus tholiformis,0.5,0.8,0.2,0.5,0.5,0.7,0.4,0.7,7,7,15,white_cream,Eucalyptus_tholiformis,Eucalyptus tholiformis,Symphyomyrtus
Eucalyptus thozetiana,0.4,0.6,0.2,0.4,0.3,0.5,0.3,0.4,7,7,17,white_cream,Eucalyptus_thozetiana,Eucalyptus thozetiana,Symphyomyrtus
Eucalyptus tindaliae,0.3,0.7,0.3,0.4,0.3,0.7,0.6,1,9,15,30,white_cream,Eucalyptus_tindaliae,Eucalyptus tindaliae,Eucalyptus
Eucalyptus tintinnans,0.4,0.7,0.3,0.6,0.4,NA,0.5,0.6,7,7,15,white_cream,Eucalyptus_tintinnans,Eucalyptus tintinnans,Symphyomyrtus
Eucalyptus todtiana,0.8,1.1,0.6,0.7,1.1,2.1,1.4,2.5,7,11,5,white_cream,Eucalyptus_todtiana,Eucalyptus todtiana,Eucalyptus
Eucalyptus torquata,1.8,3,0.7,1.2,1,1.6,0.9,1.2,7,7,12,pink,Eucalyptus_torquata,Eucalyptus torquata,Symphyomyrtus
Eucalyptus tortilis,1,1.4,0.4,0.6,0.5,0.8,0.7,0.9,7,7,8,white_cream,Eucalyptus_tortilis,Eucalyptus tortilis,Symphyomyrtus
Eucalyptus transcontinentalis,1.3,2.2,0.4,0.6,0.6,1,0.5,0.9,7,7,12,yellow,Eucalyptus_transcontinentalis,Eucalyptus transcontinentalis,Symphyomyrtus
Eucalyptus tricarpa,1,1.5,0.6,0.9,0.8,1.3,0.8,1.5,3,7,35,white_cream,Eucalyptus_tricarpa,Eucalyptus tricarpa,Symphyomyrtus
Eucalyptus triflora,0.7,0.8,0.4,0.5,0.6,1.1,0.7,1.2,3,7,15,white_cream,Eucalyptus_triflora,Eucalyptus triflora,Eucalyptus
Eucalyptus trivalva,0.7,1,0.4,0.6,0.5,1,0.5,0.8,9,11,5,white_cream,Eucalyptus_trivalvis,Eucalyptus trivalva,Symphyomyrtus
Eucalyptus tumida,1.2,2.2,0.3,0.5,0.7,1.1,0.6,0.7,11,15,3,white_cream,Eucalyptus_tumida,Eucalyptus tumida,Symphyomyrtus
Eucalyptus ultima,0.5,1,0.25,0.3,0.5,0.6,0.4,0.5,9,15,4,white_cream,Eucalyptus_ultima,Eucalyptus ultima,Symphyomyrtus
Eucalyptus umbra,0.6,NA,0.3,0.4,0.3,0.7,0.6,1,7,15,8,white_cream,Eucalyptus_umbra,Eucalyptus umbra,Eucalyptus
Eucalyptus umbrawarrensis,0.5,0.8,0.25,0.3,0.3,0.5,0.3,0.4,7,7,8,white_cream,NA,Eucalyptus umbrawarrensis,Symphyomyrtus
Eucalyptus uncinata,0.7,1.5,0.3,0.5,0.5,0.9,0.4,0.8,9,13,7,white_cream,Eucalyptus_uncinata,Eucalyptus uncinata,Symphyomyrtus
Eucalyptus urna,1.5,2.4,0.4,0.9,0.7,1.2,0.5,1,7,13,16,white_cream,Eucalyptus_urna,Eucalyptus urna,Symphyomyrtus
Eucalyptus urnigera,1,1.3,0.5,0.7,0.9,1.5,0.6,1.1,3,3,40,white_cream,NA,Eucalyptus urnigera,Symphyomyrtus
Eucalyptus utilis,1.2,2.8,0.4,0.7,0.8,1.3,0.7,1,7,7,7,white_cream,Eucalyptus_utilis,Eucalyptus utilis,Symphyomyrtus
Eucalyptus valens,0.9,1.3,0.6,0.8,0.6,1.1,0.8,1.1,7,7,10,white_cream,Eucalyptus_valens,Eucalyptus valens,Symphyomyrtus
Eucalyptus varia,1.6,2.7,0.2,0.5,0.7,1.1,0.5,0.7,9,11,7,white_cream,NA,Eucalyptus varia,Symphyomyrtus
Eucalyptus vegrandis,0.7,1.3,0.3,0.5,0.6,0.8,0.5,0.8,7,7,6,white_cream,Eucalyptus_vegrandis,Eucalyptus vegrandis,Symphyomyrtus
Eucalyptus vernicosa,0.8,0.9,0.3,0.5,0.5,0.8,0.5,0.9,1,3,4,white_cream,Eucalyptus_vernicosa,Eucalyptus vernicosa,Symphyomyrtus
Eucalyptus verrucata,1,1.8,0.8,1.4,1.2,2,1.6,3.2,1,7,8,white_cream,Eucalyptus_verrucata,Eucalyptus verrucata,Eucalyptus
Eucalyptus vesiculosa,1.5,1.7,0.9,1,1.5,1.8,1.4,2,7,7,3,red,Eucalyptus_vesiculosa,Eucalyptus vesiculosa,Symphyomyrtus
Eucalyptus vicina,0.6,1,0.3,0.6,0.4,0.6,0.4,0.8,7,7,8,white_cream,Eucalyptus_vicina,Eucalyptus vicina,Symphyomyrtus
Eucalyptus victoriana,0.9,NA,0.6,NA,0.5,0.6,1,1.4,7,11,20,white_cream,Eucalyptus_victoriana,Eucalyptus victoriana,Eucalyptus
Eucalyptus victrix,0.3,0.5,0.2,0.3,0.2,0.5,0.3,0.6,7,7,15,white_cream,Eucalyptus_victrix,Eucalyptus victrix,Symphyomyrtus
Eucalyptus viminalis,0.5,0.9,0.3,0.6,0.3,0.7,0.4,0.9,3,7,90,white_cream,Eucalyptus_viminalis,Eucalyptus viminalis,Symphyomyrtus
Eucalyptus virens,0.5,0.6,0.4,0.5,0.4,0.6,0.4,0.7,7,7,25,white_cream,Eucalyptus_virens,Eucalyptus virens,Symphyomyrtus
Eucalyptus virginea,0.6,0.8,0.6,0.8,0.4,0.6,0.7,1.2,7,7,20,white_cream,NA,Eucalyptus virginea,Symphyomyrtus
Eucalyptus viridis,0.4,0.8,0.2,0.4,0.3,0.7,0.3,0.5,7,9,8,white_cream,Eucalyptus_viridis,Eucalyptus viridis,Symphyomyrtus
Eucalyptus vittata,0.7,1,0.4,0.6,0.5,0.7,0.5,0.8,7,9,14,white_cream,Eucalyptus_vittata,Eucalyptus vittata,Symphyomyrtus
Eucalyptus vokesensis,1.2,2,0.5,0.8,0.7,1,0.6,0.9,9,13,7,yellow,Eucalyptus_vokesensis,Eucalyptus vokesensis,Symphyomyrtus
Eucalyptus volcanica,0.6,0.8,0.3,0.4,0.6,1,0.6,0.9,7,7,25,white_cream,NA,Eucalyptus volcanica,Symphyomyrtus
Eucalyptus wandoo,0.8,1.4,0.2,0.4,0.6,1,0.4,0.6,9,17,18,white_cream,Eucalyptus_wandoo,Eucalyptus wandoo,Symphyomyrtus
Eucalyptus websteriana,0.5,1,0.5,0.8,0.3,0.6,0.7,1.2,7,7,5,white_cream,Eucalyptus_websteriana,Eucalyptus websteriana,Symphyomyrtus
Eucalyptus whitei,0.5,0.7,0.3,0.4,0.4,0.6,0.4,0.6,7,7,15,white_cream,Eucalyptus_whitei,Eucalyptus whitei,Symphyomyrtus
Eucalyptus wilcoxii,0.6,NA,0.4,NA,0.4,0.6,0.5,0.8,3,3,15,white_cream,Eucalyptus_wilcoxii,Eucalyptus wilcoxii,Symphyomyrtus
Eucalyptus williamsiana,0.7,1,0.5,0.6,0.5,0.8,1,1.5,7,7,20,white_cream,Eucalyptus_williamsiana,Eucalyptus williamsiana,Eucalyptus
Eucalyptus willisii,0.3,0.5,0.3,NA,0.4,0.6,0.4,0.6,11,25,15,white_cream,Eucalyptus_willisii,Eucalyptus willisii,Eucalyptus
Eucalyptus woodwardii,1.5,1.9,0.8,1,1.2,1.4,1.1,1.5,7,9,10,yellow,Eucalyptus_woodwardii,Eucalyptus woodwardii,Symphyomyrtus
Eucalyptus woollsiana,0.2,0.5,0.2,0.3,0.2,0.4,0.2,0.4,7,9,25,white_cream,Eucalyptus_pilligaensis,Eucalyptus woollsiana,Symphyomyrtus
Eucalyptus wubinensis,0.7,0.9,0.4,0.5,0.5,0.8,0.5,0.7,7,7,8,white_cream,Eucalyptus_wubinensis,Eucalyptus wubinensis,Symphyomyrtus
Eucalyptus wyolensis,1.2,1.7,0.6,0.8,0.8,1.1,0.8,1,7,11,7,yellow,Eucalyptus_wyolensis,Eucalyptus wyolensis,Symphyomyrtus
Eucalyptus x balanites,0.8,1.1,0.6,0.7,0.8,0.9,0.8,1,11,11,5,white_cream,Eucalyptus_balanites,NA,NA
Eucalyptus x balanopelex,1.2,1.9,0.5,0.9,0.8,1,0.9,1.2,7,9,4,white_cream,Eucalyptus_balanopelex,NA,NA
Eucalyptus x brachyphylla,0.6,0.7,0.3,0.35,0.5,1,0.4,0.6,7,7,4,white_cream,Eucalyptus_brachyphylla,NA,NA
Eucalyptus x impensa,4,5,2.5,3.5,2,3,4.8,5.5,1,1,5,pink,Eucalyptus_impensa,Eucalyptus impensa,Symphyomyrtus
Eucalyptus x lateritica,0.7,1,0.5,0.7,1,1.3,1.2,1.6,9,11,4,white_cream,Eucalyptus_lateritica,Eucalyptus lateritica,Eucalyptus
Eucalyptus x missilis,1.7,2.3,0.7,0.8,1,1.5,0.8,1.5,15,15,3,yellow,NA,NA,NA
Eucalyptus x phylacis,0.7,0.9,0.5,0.6,0.5,0.6,0.8,0.9,11,11,5,white_cream,NA,NA,NA
Eucalyptus xanthonema,0.9,1.6,0.3,0.4,0.5,0.8,0.4,0.6,9,15,4,white_cream,Eucalyptus_xanthonema,Eucalyptus xanthonema,Symphyomyrtus
Eucalyptus xerothermica,0.7,0.8,0.4,0.5,0.6,1.1,0.6,0.9,3,7,12,white_cream,Eucalyptus_xerothermica,Eucalyptus xerothermica,Symphyomyrtus
Eucalyptus yalatensis,0.7,1.2,0.3,0.6,0.4,0.7,0.4,0.7,9,11,5,white_cream,Eucalyptus_yalatensis,Eucalyptus yalatensis,Symphyomyrtus
Eucalyptus yarraensis,0.35,0.6,0.3,0.4,0.3,0.5,0.4,0.5,7,7,20,white_cream,Eucalyptus_yarraensis,Eucalyptus yarraensis,Symphyomyrtus
Eucalyptus yilgarnensis,0.3,0.6,0.2,0.3,0.4,0.6,0.3,0.4,7,7,10,white_cream,Eucalyptus_yilgarnensis,Eucalyptus yilgarnensis,Symphyomyrtus
Eucalyptus youmanii,0.7,0.9,0.3,0.5,0.4,0.8,0.7,1.3,7,15,25,white_cream,Eucalyptus_youmanii,Eucalyptus youmanii,Eucalyptus
Eucalyptus youngiana,4.5,6,3,4.5,1.5,3,3.3,6,3,3,10,red yellow,Eucalyptus_youngiana,Eucalyptus youngiana,Symphyomyrtus
Eucalyptus yumbarrana,1.2,2,0.7,0.9,0.8,1.2,0.8,1,7,7,8,white_cream,Eucalyptus_yumbarrana,Eucalyptus yumbarrana,Symphyomyrtus
Eucalyptus zopherophloia,0.7,1,0.4,0.5,0.6,1,0.6,0.9,9,11,4,white_cream,Eucalyptus_zopherophloia,Eucalyptus zopherophloia,Symphyomyrtus